[
  {"pk": 1, "model": "product.category", "fields": {"name": "Birthday Cakes", "description": "Cakes for your birthdays!!!", "image": "/media/cakePics/78. Logo topping chocolate 3 lb.JPG"}},
  {"pk": 2, "model": "product.category", "fields": {"name": "Anniversary & Wedding Cakes", "description": "Cakes for your Wedding and Anniversaries!!!", "image": "/media/cakePics/78. Logo topping chocolate 3 lb.JPG"}},
  {"pk": 3, "model": "product.category", "fields": {"name": "Baby Shower Cakes", "description": "Cakes for functions of your baby!!!", "image": "/media/cakePics/78. Logo topping chocolate 3 lb.JPG"}},
  {"pk": 4, "model": "product.category", "fields": {"name": "Corporate Cakes", "description": "Cakes for Corporate!!!", "image": "/media/cakePics/78. Logo topping chocolate 3 lb.JPG"}},
  {"pk": 5, "model": "product.category", "fields": {"name": "Cup Cakes", "description": "Cup Cakes!!! Cup Cakes!!!", "image": "/media/cakePics/78. Logo topping chocolate 3 lb.JPG"}},
  {"pk": 6, "model": "product.category", "fields": {"name": "Kids Cakes", "description": "Cakes for your kids!!!", "image": "/media/cakePics/78. Logo topping chocolate 3 lb.JPG"}},
  {"pk": 7, "model": "product.category", "fields": {"name": "Romantic Cakes", "description": "Cakes for your beloved!!!", "image": "/media/cakePics/78. Logo topping chocolate 3 lb.JPG"}},
  {"pk": 8, "model": "product.category", "fields": {"name": "Festive Cakes", "description": "Cakes for Festivals !!!", "image": "/media/cakePics/78. Logo topping chocolate 3 lb.JPG"}},
  {"pk": 9, "model": "product.category", "fields": {"name": "Topping Cakes", "description": "Cakes with toppings !!!", "image": "/media/cakePics/78. Logo topping chocolate 3 lb.JPG"}},


  {"pk": 1, "model": "product.cakeshape", "fields": {"name": "Circle", "additional_price_per_pound": 0}},
  {"pk": 2, "model": "product.cakeshape", "fields": {"name": "Square", "additional_price_per_pound": 0}},
  {"pk": 3, "model": "product.cakeshape", "fields": {"name": "Heart", "additional_price_per_pound": 50}},


  {"pk": 1, "model": "product.cakeflavor", "fields": {"name": "Chocolate", "additional_price_per_pound": 100}},
  {"pk": 2, "model": "product.cakeflavor", "fields": {"name": "Black Forest", "additional_price_per_pound": 0}},
  {"pk": 3, "model": "product.cakeflavor", "fields": {"name": "White Forest", "additional_price_per_pound": 0}},
  {"pk": 4, "model": "product.cakeflavor", "fields": {"name": "Butter Scotch", "additional_price_per_pound": 150}},
  {"pk": 5, "model": "product.cakeflavor", "fields": {"name": "Blueberry Cheese", "additional_price_per_pound": 200}},
  {"pk": 6, "model": "product.cakeflavor", "fields": {"name": "Blueberry Cream", "additional_price_per_pound": 150}},
  {"pk": 7, "model": "product.cakeflavor", "fields": {"name": "Chocolate Truffle", "additional_price_per_pound": 200}},
  {"pk": 8, "model": "product.cakeflavor", "fields": {"name": "Choco Mocca", "additional_price_per_pound": 200}},
  {"pk": 9, "model": "product.cakeflavor", "fields": {"name": "Chocolate Vanilla", "additional_price_per_pound": 150}},
  {"pk": 10, "model": "product.cakeflavor", "fields": {"name": "Red Velvet", "additional_price_per_pound": 200}},
  {"pk": 11, "model": "product.cakeflavor", "fields": {"name": "Tiramisu", "additional_price_per_pound": 200}},
  {"pk": 12, "model": "product.cakeflavor", "fields": {"name": "Vanilla", "additional_price_per_pound": 50}},
  {"pk": 13, "model": "product.cakeflavor", "fields": {"name": "Strawberry", "additional_price_per_pound": 100}},
  {"pk": 14, "model": "product.cakeflavor", "fields": {"name": "Mango", "additional_price_per_pound": 100}},
  {"pk": 15, "model": "product.cakeflavor", "fields": {"name": "Fresh Fruit", "additional_price_per_pound": 150}},
  {"pk": 16, "model": "product.cakeflavor", "fields": {"name": "Icecream", "additional_price_per_pound": 250}},
  {"pk": 17, "model": "product.cakeflavor", "fields": {"name": "Nougatine", "additional_price_per_pound": 200}},
  {"pk": 18, "model": "product.cakeflavor", "fields": {"name": "Wallnut Brownies", "additional_price_per_pound": 250}},
  {"pk": 19, "model": "product.cakeflavor", "fields": {"name": "Choco Chips", "additional_price_per_pound": 150}},
  {"pk": 20, "model": "product.cakeflavor", "fields": {"name": "Orange Yoghart", "additional_price_per_pound": 200}},
  {"pk": 21, "model": "product.cakeflavor", "fields": {"name": "Mocca (Coffee)", "additional_price_per_pound": 150}},
  {"pk": 22, "model": "product.cakeflavor", "fields": {"name": "Baked Cheese", "additional_price_per_pound": 250}},
  {"pk": 23, "model": "product.cakeflavor", "fields": {"name": "Pineapple", "additional_price_per_pound": 100}},
  {"pk": 24, "model": "product.cakeflavor", "fields": {"name": "Fruit Cream", "additional_price_per_pound": 200}},

  {"pk": 1, "model": "product.cake", "fields": {"minsize": 2, "category": 1, "flavor": [1, 2, 3, 4, 5, 6, 7, 8, 9, 10, 11, 12, 13, 14, 15, 16, 17, 18, 19, 20, 21, 22, 23, 24], "created_on": "2017-01-23", "name": "78. Logo topping chocolate 3 lb.JPG", "image": "/media/cakePics/78. Logo topping chocolate 3 lb.JPG", "price": 1060, "brand": "Chefs Bakery", "shape": [1, 2, 3]}},
  {"pk": 2, "model": "product.cake", "fields": {"minsize": 2, "category": 1, "flavor": [1, 2, 3, 4, 5, 6, 7, 8, 9, 10, 11, 12, 13, 14, 15, 16, 17, 18, 19, 20, 21, 22, 23, 24], "created_on": "2017-01-23", "name": "126. Fathers day special black forest 1 kg.JPG", "image": "/media/cakePics/126. Fathers day special black forest 1 kg.JPG", "price": 1051, "brand": "Chefs Bakery", "shape": [1, 2, 3]}},
  {"pk": 3, "model": "product.cake", "fields": {"minsize": 2, "category": 2, "flavor": [1, 2, 3, 4, 5, 6, 7, 8, 9, 10, 11, 12, 13, 14, 15, 16, 17, 18, 19, 20, 21, 22, 23, 24], "created_on": "2017-01-23", "name": "76. xmas special  2 lb.JPG", "image": "/media/cakePics/76. xmas special  2 lb.JPG", "price": 1047, "brand": "Chefs Bakery", "shape": [1, 2, 3]}},
  {"pk": 4, "model": "product.cake", "fields": {"minsize": 2, "category": 9, "flavor": [1, 2, 3, 4, 5, 6, 7, 8, 9, 10, 11, 12, 13, 14, 15, 16, 17, 18, 19, 20, 21, 22, 23, 24], "created_on": "2017-01-23", "name": "7. Heart  shaped  Pineapple   2 Lb.jpg", "image": "/media/cakePics/7. Heart  shaped  Pineapple   2 Lb.jpg", "price": 1114, "brand": "Chefs Bakery", "shape": [1, 2, 3]}},
  {"pk": 5, "model": "product.cake", "fields": {"minsize": 2, "category": 4, "flavor": [1, 2, 3, 4, 5, 6, 7, 8, 9, 10, 11, 12, 13, 14, 15, 16, 17, 18, 19, 20, 21, 22, 23, 24], "created_on": "2017-01-23", "name": "159.Butter scotch 1 pound.jpg", "image": "/media/cakePics/159.Butter scotch 1 pound.jpg", "price": 1029, "brand": "Chefs Bakery", "shape": [1, 2, 3]}},
  {"pk": 6, "model": "product.cake", "fields": {"minsize": 2, "category": 8, "flavor": [1, 2, 3, 4, 5, 6, 7, 8, 9, 10, 11, 12, 13, 14, 15, 16, 17, 18, 19, 20, 21, 22, 23, 24], "created_on": "2017-01-23", "name": "137. Numeric cake 7 kg.JPG", "image": "/media/cakePics/137. Numeric cake 7 kg.JPG", "price": 1045, "brand": "Chefs Bakery", "shape": [1, 2, 3]}},
  {"pk": 7, "model": "product.cake", "fields": {"minsize": 2, "category": 7, "flavor": [1, 2, 3, 4, 5, 6, 7, 8, 9, 10, 11, 12, 13, 14, 15, 16, 17, 18, 19, 20, 21, 22, 23, 24], "created_on": "2017-01-23", "name": "34. Black forest  2 lb.JPG", "image": "/media/cakePics/34. Black forest  2 lb.JPG", "price": 1049, "brand": "Chefs Bakery", "shape": [1, 2, 3]}},
  {"pk": 8, "model": "product.cake", "fields": {"minsize": 2, "category": 3, "flavor": [1, 2, 3, 4, 5, 6, 7, 8, 9, 10, 11, 12, 13, 14, 15, 16, 17, 18, 19, 20, 21, 22, 23, 24], "created_on": "2017-01-23", "name": "153. Star  chocolate cake 3 kg.JPG", "image": "/media/cakePics/153. Star  chocolate cake 3 kg.JPG", "price": 1104, "brand": "Chefs Bakery", "shape": [1, 2, 3]}},
  {"pk": 9, "model": "product.cake", "fields": {"minsize": 2, "category": 6, "flavor": [1, 2, 3, 4, 5, 6, 7, 8, 9, 10, 11, 12, 13, 14, 15, 16, 17, 18, 19, 20, 21, 22, 23, 24], "created_on": "2017-01-23", "name": "104. Baby shawer blue berry cream   6 Lb.JPG", "image": "/media/cakePics/104. Baby shawer blue berry cream   6 Lb.JPG", "price": 1063, "brand": "Chefs Bakery", "shape": [1, 2, 3]}},
  {"pk": 10, "model": "product.cake", "fields": {"minsize": 2, "category": 3, "flavor": [1, 2, 3, 4, 5, 6, 7, 8, 9, 10, 11, 12, 13, 14, 15, 16, 17, 18, 19, 20, 21, 22, 23, 24], "created_on": "2017-01-23", "name": "36 Cup cake  Min order 20 Nos.JPG", "image": "/media/cakePics/36 Cup cake  Min order 20 Nos.JPG", "price": 1051, "brand": "Chefs Bakery", "shape": [1, 2, 3]}},
  {"pk": 11, "model": "product.cake", "fields": {"minsize": 2, "category": 6, "flavor": [1, 2, 3, 4, 5, 6, 7, 8, 9, 10, 11, 12, 13, 14, 15, 16, 17, 18, 19, 20, 21, 22, 23, 24], "created_on": "2017-01-23", "name": "120 Tiramisu 2 kg.JPG", "image": "/media/cakePics/120 Tiramisu 2 kg.JPG", "price": 1069, "brand": "Chefs Bakery", "shape": [1, 2, 3]}},
  {"pk": 12, "model": "product.cake", "fields": {"minsize": 2, "category": 3, "flavor": [1, 2, 3, 4, 5, 6, 7, 8, 9, 10, 11, 12, 13, 14, 15, 16, 17, 18, 19, 20, 21, 22, 23, 24], "created_on": "2017-01-23", "name": "101. strawberry heart  2 lb.JPG", "image": "/media/cakePics/101. strawberry heart  2 lb.JPG", "price": 1059, "brand": "Chefs Bakery", "shape": [1, 2, 3]}},
  {"pk": 13, "model": "product.cake", "fields": {"minsize": 2, "category": 9, "flavor": [1, 2, 3, 4, 5, 6, 7, 8, 9, 10, 11, 12, 13, 14, 15, 16, 17, 18, 19, 20, 21, 22, 23, 24], "created_on": "2017-01-23", "name": "106. Bat design   black forest  6 Lb.JPG", "image": "/media/cakePics/106. Bat design   black forest  6 Lb.JPG", "price": 1026, "brand": "Chefs Bakery", "shape": [1, 2, 3]}},
  {"pk": 14, "model": "product.cake", "fields": {"minsize": 2, "category": 8, "flavor": [1, 2, 3, 4, 5, 6, 7, 8, 9, 10, 11, 12, 13, 14, 15, 16, 17, 18, 19, 20, 21, 22, 23, 24], "created_on": "2017-01-23", "name": "88. Double heart wedding cake 6 lb.JPG", "image": "/media/cakePics/88. Double heart wedding cake 6 lb.JPG", "price": 1080, "brand": "Chefs Bakery", "shape": [1, 2, 3]}},
  {"pk": 15, "model": "product.cake", "fields": {"minsize": 2, "category": 7, "flavor": [1, 2, 3, 4, 5, 6, 7, 8, 9, 10, 11, 12, 13, 14, 15, 16, 17, 18, 19, 20, 21, 22, 23, 24], "created_on": "2017-01-23", "name": "93. wedding cake 12 lb.JPG", "image": "/media/cakePics/93. wedding cake 12 lb.JPG", "price": 1052, "brand": "Chefs Bakery", "shape": [1, 2, 3]}},
  {"pk": 16, "model": "product.cake", "fields": {"minsize": 2, "category": 8, "flavor": [1, 2, 3, 4, 5, 6, 7, 8, 9, 10, 11, 12, 13, 14, 15, 16, 17, 18, 19, 20, 21, 22, 23, 24], "created_on": "2017-01-23", "name": "71 Wedding cake  12 lb.JPG", "image": "/media/cakePics/71 Wedding cake  12 lb.JPG", "price": 1083, "brand": "Chefs Bakery", "shape": [1, 2, 3]}},
  {"pk": 17, "model": "product.cake", "fields": {"minsize": 2, "category": 7, "flavor": [1, 2, 3, 4, 5, 6, 7, 8, 9, 10, 11, 12, 13, 14, 15, 16, 17, 18, 19, 20, 21, 22, 23, 24], "created_on": "2017-01-23", "name": "23. Choco mocca  2 Lb.jpg", "image": "/media/cakePics/23. Choco mocca  2 Lb.jpg", "price": 1058, "brand": "Chefs Bakery", "shape": [1, 2, 3]}},
  {"pk": 18, "model": "product.cake", "fields": {"minsize": 2, "category": 9, "flavor": [1, 2, 3, 4, 5, 6, 7, 8, 9, 10, 11, 12, 13, 14, 15, 16, 17, 18, 19, 20, 21, 22, 23, 24], "created_on": "2017-01-23", "name": "150. Music lovers tabala 3 lb.jpg", "image": "/media/cakePics/150. Music lovers tabala 3 lb.jpg", "price": 1101, "brand": "Chefs Bakery", "shape": [1, 2, 3]}},
  {"pk": 19, "model": "product.cake", "fields": {"minsize": 2, "category": 9, "flavor": [1, 2, 3, 4, 5, 6, 7, 8, 9, 10, 11, 12, 13, 14, 15, 16, 17, 18, 19, 20, 21, 22, 23, 24], "created_on": "2017-01-23", "name": "55. Barcilona  topping 3 lb.JPG", "image": "/media/cakePics/55. Barcilona  topping 3 lb.JPG", "price": 1103, "brand": "Chefs Bakery", "shape": [1, 2, 3]}},
  {"pk": 20, "model": "product.cake", "fields": {"minsize": 2, "category": 5, "flavor": [1, 2, 3, 4, 5, 6, 7, 8, 9, 10, 11, 12, 13, 14, 15, 16, 17, 18, 19, 20, 21, 22, 23, 24], "created_on": "2017-01-23", "name": "113. Double decor black forest  8 Lb.JPG", "image": "/media/cakePics/113. Double decor black forest  8 Lb.JPG", "price": 1075, "brand": "Chefs Bakery", "shape": [1, 2, 3]}},
  {"pk": 21, "model": "product.cake", "fields": {"minsize": 2, "category": 4, "flavor": [1, 2, 3, 4, 5, 6, 7, 8, 9, 10, 11, 12, 13, 14, 15, 16, 17, 18, 19, 20, 21, 22, 23, 24], "created_on": "2017-01-23", "name": "155. wedding cake 6 kg.JPG", "image": "/media/cakePics/155. wedding cake 6 kg.JPG", "price": 1038, "brand": "Chefs Bakery", "shape": [1, 2, 3]}},
  {"pk": 22, "model": "product.cake", "fields": {"minsize": 2, "category": 9, "flavor": [1, 2, 3, 4, 5, 6, 7, 8, 9, 10, 11, 12, 13, 14, 15, 16, 17, 18, 19, 20, 21, 22, 23, 24], "created_on": "2017-01-23", "name": "62.  Special Vanilla cake 3 lb.JPG", "image": "/media/cakePics/62.  Special Vanilla cake 3 lb.JPG", "price": 1056, "brand": "Chefs Bakery", "shape": [1, 2, 3]}},
  {"pk": 23, "model": "product.cake", "fields": {"minsize": 2, "category": 5, "flavor": [1, 2, 3, 4, 5, 6, 7, 8, 9, 10, 11, 12, 13, 14, 15, 16, 17, 18, 19, 20, 21, 22, 23, 24], "created_on": "2017-01-23", "name": "157. White forest 1kg ..jpg", "image": "/media/cakePics/157. White forest 1kg ..jpg", "price": 1009, "brand": "Chefs Bakery", "shape": [1, 2, 3]}},
  {"pk": 24, "model": "product.cake", "fields": {"minsize": 2, "category": 2, "flavor": [1, 2, 3, 4, 5, 6, 7, 8, 9, 10, 11, 12, 13, 14, 15, 16, 17, 18, 19, 20, 21, 22, 23, 24], "created_on": "2017-01-23", "name": "37. Choco Vanilla 2 lb.JPG", "image": "/media/cakePics/37. Choco Vanilla 2 lb.JPG", "price": 1104, "brand": "Chefs Bakery", "shape": [1, 2, 3]}},
  {"pk": 25, "model": "product.cake", "fields": {"minsize": 2, "category": 3, "flavor": [1, 2, 3, 4, 5, 6, 7, 8, 9, 10, 11, 12, 13, 14, 15, 16, 17, 18, 19, 20, 21, 22, 23, 24], "created_on": "2017-01-23", "name": "91. wedding cake 10 lb.JPG", "image": "/media/cakePics/91. wedding cake 10 lb.JPG", "price": 1087, "brand": "Chefs Bakery", "shape": [1, 2, 3]}},
  {"pk": 26, "model": "product.cake", "fields": {"minsize": 2, "category": 9, "flavor": [1, 2, 3, 4, 5, 6, 7, 8, 9, 10, 11, 12, 13, 14, 15, 16, 17, 18, 19, 20, 21, 22, 23, 24], "created_on": "2017-01-23", "name": "32. Double decor Blue berry cheese cake 4 lb.jpg", "image": "/media/cakePics/32. Double decor Blue berry cheese cake 4 lb.jpg", "price": 1103, "brand": "Chefs Bakery", "shape": [1, 2, 3]}},
  {"pk": 27, "model": "product.cake", "fields": {"minsize": 2, "category": 5, "flavor": [1, 2, 3, 4, 5, 6, 7, 8, 9, 10, 11, 12, 13, 14, 15, 16, 17, 18, 19, 20, 21, 22, 23, 24], "created_on": "2017-01-23", "name": "141. Hello Kitty 2 kg sqr.JPG", "image": "/media/cakePics/141. Hello Kitty 2 kg sqr.JPG", "price": 1137, "brand": "Chefs Bakery", "shape": [1, 2, 3]}},
  {"pk": 28, "model": "product.cake", "fields": {"minsize": 2, "category": 5, "flavor": [1, 2, 3, 4, 5, 6, 7, 8, 9, 10, 11, 12, 13, 14, 15, 16, 17, 18, 19, 20, 21, 22, 23, 24], "created_on": "2017-01-23", "name": "130. double decor wedding cake 4 kg.JPG", "image": "/media/cakePics/130. double decor wedding cake 4 kg.JPG", "price": 1074, "brand": "Chefs Bakery", "shape": [1, 2, 3]}},
  {"pk": 29, "model": "product.cake", "fields": {"minsize": 2, "category": 7, "flavor": [1, 2, 3, 4, 5, 6, 7, 8, 9, 10, 11, 12, 13, 14, 15, 16, 17, 18, 19, 20, 21, 22, 23, 24], "created_on": "2017-01-23", "name": "41 Butter Scotch.JPG", "image": "/media/cakePics/41 Butter Scotch.JPG", "price": 1105, "brand": "Chefs Bakery", "shape": [1, 2, 3]}},
  {"pk": 30, "model": "product.cake", "fields": {"minsize": 2, "category": 3, "flavor": [1, 2, 3, 4, 5, 6, 7, 8, 9, 10, 11, 12, 13, 14, 15, 16, 17, 18, 19, 20, 21, 22, 23, 24], "created_on": "2017-01-23", "name": "83. Wedding cake  tripple decore  12 pound.JPG", "image": "/media/cakePics/83. Wedding cake  tripple decore  12 pound.JPG", "price": 1003, "brand": "Chefs Bakery", "shape": [1, 2, 3]}},
  {"pk": 31, "model": "product.cake", "fields": {"minsize": 2, "category": 7, "flavor": [1, 2, 3, 4, 5, 6, 7, 8, 9, 10, 11, 12, 13, 14, 15, 16, 17, 18, 19, 20, 21, 22, 23, 24], "created_on": "2017-01-23", "name": "31. Vanilla  cake  2 Lb.jpg", "image": "/media/cakePics/31. Vanilla  cake  2 Lb.jpg", "price": 1037, "brand": "Chefs Bakery", "shape": [1, 2, 3]}},
  {"pk": 32, "model": "product.cake", "fields": {"minsize": 2, "category": 8, "flavor": [1, 2, 3, 4, 5, 6, 7, 8, 9, 10, 11, 12, 13, 14, 15, 16, 17, 18, 19, 20, 21, 22, 23, 24], "created_on": "2017-01-23", "name": "154. vanilla welcome home 1 kg.jpg", "image": "/media/cakePics/154. vanilla welcome home 1 kg.jpg", "price": 1082, "brand": "Chefs Bakery", "shape": [1, 2, 3]}},
  {"pk": 33, "model": "product.cake", "fields": {"minsize": 2, "category": 9, "flavor": [1, 2, 3, 4, 5, 6, 7, 8, 9, 10, 11, 12, 13, 14, 15, 16, 17, 18, 19, 20, 21, 22, 23, 24], "created_on": "2017-01-23", "name": "52.Special Trullle 3 lb.JPG", "image": "/media/cakePics/52.Special Trullle 3 lb.JPG", "price": 1055, "brand": "Chefs Bakery", "shape": [1, 2, 3]}},
  {"pk": 34, "model": "product.cake", "fields": {"minsize": 2, "category": 4, "flavor": [1, 2, 3, 4, 5, 6, 7, 8, 9, 10, 11, 12, 13, 14, 15, 16, 17, 18, 19, 20, 21, 22, 23, 24], "created_on": "2017-01-23", "name": "68. Wedding cake 10 lb.JPG", "image": "/media/cakePics/68. Wedding cake 10 lb.JPG", "price": 1146, "brand": "Chefs Bakery", "shape": [1, 2, 3]}},
  {"pk": 35, "model": "product.cake", "fields": {"minsize": 2, "category": 2, "flavor": [1, 2, 3, 4, 5, 6, 7, 8, 9, 10, 11, 12, 13, 14, 15, 16, 17, 18, 19, 20, 21, 22, 23, 24], "created_on": "2017-01-23", "name": "56. Ice cream cake 2 lb.jpg", "image": "/media/cakePics/56. Ice cream cake 2 lb.jpg", "price": 1030, "brand": "Chefs Bakery", "shape": [1, 2, 3]}},
  {"pk": 36, "model": "product.cake", "fields": {"minsize": 2, "category": 2, "flavor": [1, 2, 3, 4, 5, 6, 7, 8, 9, 10, 11, 12, 13, 14, 15, 16, 17, 18, 19, 20, 21, 22, 23, 24], "created_on": "2017-01-23", "name": "89. barbie dall 6 lb.JPG", "image": "/media/cakePics/89. barbie dall 6 lb.JPG", "price": 1082, "brand": "Chefs Bakery", "shape": [1, 2, 3]}},
  {"pk": 37, "model": "product.cake", "fields": {"minsize": 2, "category": 6, "flavor": [1, 2, 3, 4, 5, 6, 7, 8, 9, 10, 11, 12, 13, 14, 15, 16, 17, 18, 19, 20, 21, 22, 23, 24], "created_on": "2017-01-23", "name": "80. Fresh fruit cream  cake 2 lb.JPG", "image": "/media/cakePics/80. Fresh fruit cream  cake 2 lb.JPG", "price": 1035, "brand": "Chefs Bakery", "shape": [1, 2, 3]}},
  {"pk": 38, "model": "product.cake", "fields": {"minsize": 2, "category": 6, "flavor": [1, 2, 3, 4, 5, 6, 7, 8, 9, 10, 11, 12, 13, 14, 15, 16, 17, 18, 19, 20, 21, 22, 23, 24], "created_on": "2017-01-23", "name": "6. Smiley Topping Black forest 2 lb.jpg", "image": "/media/cakePics/6. Smiley Topping Black forest 2 lb.jpg", "price": 1086, "brand": "Chefs Bakery", "shape": [1, 2, 3]}},
  {"pk": 39, "model": "product.cake", "fields": {"minsize": 2, "category": 2, "flavor": [1, 2, 3, 4, 5, 6, 7, 8, 9, 10, 11, 12, 13, 14, 15, 16, 17, 18, 19, 20, 21, 22, 23, 24], "created_on": "2017-01-23", "name": "97. White forest cake 2 lb.JPG", "image": "/media/cakePics/97. White forest cake 2 lb.JPG", "price": 1080, "brand": "Chefs Bakery", "shape": [1, 2, 3]}},
  {"pk": 40, "model": "product.cake", "fields": {"minsize": 2, "category": 6, "flavor": [1, 2, 3, 4, 5, 6, 7, 8, 9, 10, 11, 12, 13, 14, 15, 16, 17, 18, 19, 20, 21, 22, 23, 24], "created_on": "2017-01-23", "name": "105. Wedding cake 8 kg.JPG", "image": "/media/cakePics/105. Wedding cake 8 kg.JPG", "price": 1061, "brand": "Chefs Bakery", "shape": [1, 2, 3]}},
  {"pk": 41, "model": "product.cake", "fields": {"minsize": 2, "category": 7, "flavor": [1, 2, 3, 4, 5, 6, 7, 8, 9, 10, 11, 12, 13, 14, 15, 16, 17, 18, 19, 20, 21, 22, 23, 24], "created_on": "2017-01-23", "name": "99. Special vanilla heart  1 kg.JPG", "image": "/media/cakePics/99. Special vanilla heart  1 kg.JPG", "price": 1031, "brand": "Chefs Bakery", "shape": [1, 2, 3]}},
  {"pk": 42, "model": "product.cake", "fields": {"minsize": 2, "category": 1, "flavor": [1, 2, 3, 4, 5, 6, 7, 8, 9, 10, 11, 12, 13, 14, 15, 16, 17, 18, 19, 20, 21, 22, 23, 24], "created_on": "2017-01-23", "name": "44. Dashain Special Chocolate  6 Lb.JPG", "image": "/media/cakePics/44. Dashain Special Chocolate  6 Lb.JPG", "price": 1109, "brand": "Chefs Bakery", "shape": [1, 2, 3]}},
  {"pk": 43, "model": "product.cake", "fields": {"minsize": 2, "category": 3, "flavor": [1, 2, 3, 4, 5, 6, 7, 8, 9, 10, 11, 12, 13, 14, 15, 16, 17, 18, 19, 20, 21, 22, 23, 24], "created_on": "2017-01-23", "name": "131. Vanilla yule log  2 kg.JPG", "image": "/media/cakePics/131. Vanilla yule log  2 kg.JPG", "price": 1115, "brand": "Chefs Bakery", "shape": [1, 2, 3]}},
  {"pk": 44, "model": "product.cake", "fields": {"minsize": 2, "category": 8, "flavor": [1, 2, 3, 4, 5, 6, 7, 8, 9, 10, 11, 12, 13, 14, 15, 16, 17, 18, 19, 20, 21, 22, 23, 24], "created_on": "2017-01-23", "name": "8. Heart shaped  Bf  2 lb.jpg", "image": "/media/cakePics/8. Heart shaped  Bf  2 lb.jpg", "price": 1148, "brand": "Chefs Bakery", "shape": [1, 2, 3]}},
  {"pk": 45, "model": "product.cake", "fields": {"minsize": 2, "category": 5, "flavor": [1, 2, 3, 4, 5, 6, 7, 8, 9, 10, 11, 12, 13, 14, 15, 16, 17, 18, 19, 20, 21, 22, 23, 24], "created_on": "2017-01-23", "name": "27. Heart Shaped Chocolate Cake  2 Lb.JPG", "image": "/media/cakePics/27. Heart Shaped Chocolate Cake  2 Lb.JPG", "price": 1091, "brand": "Chefs Bakery", "shape": [1, 2, 3]}},
  {"pk": 46, "model": "product.cake", "fields": {"minsize": 2, "category": 8, "flavor": [1, 2, 3, 4, 5, 6, 7, 8, 9, 10, 11, 12, 13, 14, 15, 16, 17, 18, 19, 20, 21, 22, 23, 24], "created_on": "2017-01-23", "name": "147. Mac topping 1 kg.jpg", "image": "/media/cakePics/147. Mac topping 1 kg.jpg", "price": 1121, "brand": "Chefs Bakery", "shape": [1, 2, 3]}},
  {"pk": 47, "model": "product.cake", "fields": {"minsize": 2, "category": 2, "flavor": [1, 2, 3, 4, 5, 6, 7, 8, 9, 10, 11, 12, 13, 14, 15, 16, 17, 18, 19, 20, 21, 22, 23, 24], "created_on": "2017-01-23", "name": "145. Hello Kirry 3 lb.JPG", "image": "/media/cakePics/145. Hello Kirry 3 lb.JPG", "price": 1028, "brand": "Chefs Bakery", "shape": [1, 2, 3]}},
  {"pk": 48, "model": "product.cake", "fields": {"minsize": 2, "category": 5, "flavor": [1, 2, 3, 4, 5, 6, 7, 8, 9, 10, 11, 12, 13, 14, 15, 16, 17, 18, 19, 20, 21, 22, 23, 24], "created_on": "2017-01-23", "name": "21. Special custome designed  3 Lbb.JPG", "image": "/media/cakePics/21. Special custome designed  3 Lbb.JPG", "price": 1066, "brand": "Chefs Bakery", "shape": [1, 2, 3]}},
  {"pk": 49, "model": "product.cake", "fields": {"minsize": 2, "category": 2, "flavor": [1, 2, 3, 4, 5, 6, 7, 8, 9, 10, 11, 12, 13, 14, 15, 16, 17, 18, 19, 20, 21, 22, 23, 24], "created_on": "2017-01-23", "name": "73. Heart  shaped  white forest  2 lb.JPG", "image": "/media/cakePics/73. Heart  shaped  white forest  2 lb.JPG", "price": 1036, "brand": "Chefs Bakery", "shape": [1, 2, 3]}},
  {"pk": 50, "model": "product.cake", "fields": {"minsize": 2, "category": 3, "flavor": [1, 2, 3, 4, 5, 6, 7, 8, 9, 10, 11, 12, 13, 14, 15, 16, 17, 18, 19, 20, 21, 22, 23, 24], "created_on": "2017-01-23", "name": "103. Double decor black forest  6 Lb.JPG", "image": "/media/cakePics/103. Double decor black forest  6 Lb.JPG", "price": 1045, "brand": "Chefs Bakery", "shape": [1, 2, 3]}},
  {"pk": 51, "model": "product.cake", "fields": {"minsize": 2, "category": 6, "flavor": [1, 2, 3, 4, 5, 6, 7, 8, 9, 10, 11, 12, 13, 14, 15, 16, 17, 18, 19, 20, 21, 22, 23, 24], "created_on": "2017-01-23", "name": "140. Yule log  2 kg.JPG", "image": "/media/cakePics/140. Yule log  2 kg.JPG", "price": 1103, "brand": "Chefs Bakery", "shape": [1, 2, 3]}},
  {"pk": 52, "model": "product.cake", "fields": {"minsize": 2, "category": 2, "flavor": [1, 2, 3, 4, 5, 6, 7, 8, 9, 10, 11, 12, 13, 14, 15, 16, 17, 18, 19, 20, 21, 22, 23, 24], "created_on": "2017-01-23", "name": "149. Naruto topping 1 kg.JPG", "image": "/media/cakePics/149. Naruto topping 1 kg.JPG", "price": 1124, "brand": "Chefs Bakery", "shape": [1, 2, 3]}},
  {"pk": 53, "model": "product.cake", "fields": {"minsize": 2, "category": 3, "flavor": [1, 2, 3, 4, 5, 6, 7, 8, 9, 10, 11, 12, 13, 14, 15, 16, 17, 18, 19, 20, 21, 22, 23, 24], "created_on": "2017-01-23", "name": "118. Arsenal black forest 3 LB.JPG", "image": "/media/cakePics/118. Arsenal black forest 3 LB.JPG", "price": 1093, "brand": "Chefs Bakery", "shape": [1, 2, 3]}},
  {"pk": 54, "model": "product.cake", "fields": {"minsize": 2, "category": 3, "flavor": [1, 2, 3, 4, 5, 6, 7, 8, 9, 10, 11, 12, 13, 14, 15, 16, 17, 18, 19, 20, 21, 22, 23, 24], "created_on": "2017-01-23", "name": "45. Cylendra topping  6 Lb.JPG", "image": "/media/cakePics/45. Cylendra topping  6 Lb.JPG", "price": 1089, "brand": "Chefs Bakery", "shape": [1, 2, 3]}},
  {"pk": 55, "model": "product.cake", "fields": {"minsize": 2, "category": 3, "flavor": [1, 2, 3, 4, 5, 6, 7, 8, 9, 10, 11, 12, 13, 14, 15, 16, 17, 18, 19, 20, 21, 22, 23, 24], "created_on": "2017-01-23", "name": "94. Wedding cake 20 lb.JPG", "image": "/media/cakePics/94. Wedding cake 20 lb.JPG", "price": 1114, "brand": "Chefs Bakery", "shape": [1, 2, 3]}},
  {"pk": 56, "model": "product.cake", "fields": {"minsize": 2, "category": 9, "flavor": [1, 2, 3, 4, 5, 6, 7, 8, 9, 10, 11, 12, 13, 14, 15, 16, 17, 18, 19, 20, 21, 22, 23, 24], "created_on": "2017-01-23", "name": "151. Music lovers piyano 3 lb.jpg", "image": "/media/cakePics/151. Music lovers piyano 3 lb.jpg", "price": 1019, "brand": "Chefs Bakery", "shape": [1, 2, 3]}},
  {"pk": 57, "model": "product.cake", "fields": {"minsize": 2, "category": 5, "flavor": [1, 2, 3, 4, 5, 6, 7, 8, 9, 10, 11, 12, 13, 14, 15, 16, 17, 18, 19, 20, 21, 22, 23, 24], "created_on": "2017-01-23", "name": "46. Princess topping 6 Lb.JPG", "image": "/media/cakePics/46. Princess topping 6 Lb.JPG", "price": 1122, "brand": "Chefs Bakery", "shape": [1, 2, 3]}},
  {"pk": 58, "model": "product.cake", "fields": {"minsize": 2, "category": 4, "flavor": [1, 2, 3, 4, 5, 6, 7, 8, 9, 10, 11, 12, 13, 14, 15, 16, 17, 18, 19, 20, 21, 22, 23, 24], "created_on": "2017-01-23", "name": "79. Special chocolate wallnuts brownies  2 lb.JPG", "image": "/media/cakePics/79. Special chocolate wallnuts brownies  2 lb.JPG", "price": 1048, "brand": "Chefs Bakery", "shape": [1, 2, 3]}},
  {"pk": 59, "model": "product.cake", "fields": {"minsize": 2, "category": 9, "flavor": [1, 2, 3, 4, 5, 6, 7, 8, 9, 10, 11, 12, 13, 14, 15, 16, 17, 18, 19, 20, 21, 22, 23, 24], "created_on": "2017-01-23", "name": "160.Choco chips  1  pound.jpg", "image": "/media/cakePics/160.Choco chips  1  pound.jpg", "price": 1108, "brand": "Chefs Bakery", "shape": [1, 2, 3]}},
  {"pk": 60, "model": "product.cake", "fields": {"minsize": 2, "category": 5, "flavor": [1, 2, 3, 4, 5, 6, 7, 8, 9, 10, 11, 12, 13, 14, 15, 16, 17, 18, 19, 20, 21, 22, 23, 24], "created_on": "2017-01-23", "name": "39 Custome design tripple decor  10 KG.JPG", "image": "/media/cakePics/39 Custome design tripple decor  10 KG.JPG", "price": 1067, "brand": "Chefs Bakery", "shape": [1, 2, 3]}},
  {"pk": 61, "model": "product.cake", "fields": {"minsize": 2, "category": 6, "flavor": [1, 2, 3, 4, 5, 6, 7, 8, 9, 10, 11, 12, 13, 14, 15, 16, 17, 18, 19, 20, 21, 22, 23, 24], "created_on": "2017-01-23", "name": "138. Special chocolate  3  lb.JPG", "image": "/media/cakePics/138. Special chocolate  3  lb.JPG", "price": 1101, "brand": "Chefs Bakery", "shape": [1, 2, 3]}},
  {"pk": 62, "model": "product.cake", "fields": {"minsize": 2, "category": 3, "flavor": [1, 2, 3, 4, 5, 6, 7, 8, 9, 10, 11, 12, 13, 14, 15, 16, 17, 18, 19, 20, 21, 22, 23, 24], "created_on": "2017-01-23", "name": "4.Agi _ Cacroch  black forest  2 lb.jpg", "image": "/media/cakePics/4.Agi _ Cacroch  black forest  2 lb.jpg", "price": 1100, "brand": "Chefs Bakery", "shape": [1, 2, 3]}},
  {"pk": 63, "model": "product.cake", "fields": {"minsize": 2, "category": 3, "flavor": [1, 2, 3, 4, 5, 6, 7, 8, 9, 10, 11, 12, 13, 14, 15, 16, 17, 18, 19, 20, 21, 22, 23, 24], "created_on": "2017-01-23", "name": "107. One directio forest  3 LB.JPG", "image": "/media/cakePics/107. One directio forest  3 LB.JPG", "price": 1149, "brand": "Chefs Bakery", "shape": [1, 2, 3]}},
  {"pk": 64, "model": "product.cake", "fields": {"minsize": 2, "category": 8, "flavor": [1, 2, 3, 4, 5, 6, 7, 8, 9, 10, 11, 12, 13, 14, 15, 16, 17, 18, 19, 20, 21, 22, 23, 24], "created_on": "2017-01-23", "name": "112. Special Pineapple  4 Lb.JPG", "image": "/media/cakePics/112. Special Pineapple  4 Lb.JPG", "price": 1131, "brand": "Chefs Bakery", "shape": [1, 2, 3]}},
  {"pk": 65, "model": "product.cake", "fields": {"minsize": 2, "category": 2, "flavor": [1, 2, 3, 4, 5, 6, 7, 8, 9, 10, 11, 12, 13, 14, 15, 16, 17, 18, 19, 20, 21, 22, 23, 24], "created_on": "2017-01-23", "name": "42. Custome design Chocolate Ckae 3 lb.JPG", "image": "/media/cakePics/42. Custome design Chocolate Ckae 3 lb.JPG", "price": 1011, "brand": "Chefs Bakery", "shape": [1, 2, 3]}},
  {"pk": 66, "model": "product.cake", "fields": {"minsize": 2, "category": 1, "flavor": [1, 2, 3, 4, 5, 6, 7, 8, 9, 10, 11, 12, 13, 14, 15, 16, 17, 18, 19, 20, 21, 22, 23, 24], "created_on": "2017-01-23", "name": "95. Tiramisu cake  2 lb.JPG", "image": "/media/cakePics/95. Tiramisu cake  2 lb.JPG", "price": 1147, "brand": "Chefs Bakery", "shape": [1, 2, 3]}},
  {"pk": 67, "model": "product.cake", "fields": {"minsize": 2, "category": 3, "flavor": [1, 2, 3, 4, 5, 6, 7, 8, 9, 10, 11, 12, 13, 14, 15, 16, 17, 18, 19, 20, 21, 22, 23, 24], "created_on": "2017-01-23", "name": "20. Ben 10 topping  2 LB.jpg", "image": "/media/cakePics/20. Ben 10 topping  2 LB.jpg", "price": 1088, "brand": "Chefs Bakery", "shape": [1, 2, 3]}},
  {"pk": 68, "model": "product.cake", "fields": {"minsize": 2, "category": 9, "flavor": [1, 2, 3, 4, 5, 6, 7, 8, 9, 10, 11, 12, 13, 14, 15, 16, 17, 18, 19, 20, 21, 22, 23, 24], "created_on": "2017-01-23", "name": "122. Party pastry 5 kg ++.JPG", "image": "/media/cakePics/122. Party pastry 5 kg ++.JPG", "price": 1042, "brand": "Chefs Bakery", "shape": [1, 2, 3]}},
  {"pk": 69, "model": "product.cake", "fields": {"minsize": 2, "category": 5, "flavor": [1, 2, 3, 4, 5, 6, 7, 8, 9, 10, 11, 12, 13, 14, 15, 16, 17, 18, 19, 20, 21, 22, 23, 24], "created_on": "2017-01-23", "name": "156. yule log 1 kg.jpg", "image": "/media/cakePics/156. yule log 1 kg.jpg", "price": 1093, "brand": "Chefs Bakery", "shape": [1, 2, 3]}},
  {"pk": 70, "model": "product.cake", "fields": {"minsize": 2, "category": 5, "flavor": [1, 2, 3, 4, 5, 6, 7, 8, 9, 10, 11, 12, 13, 14, 15, 16, 17, 18, 19, 20, 21, 22, 23, 24], "created_on": "2017-01-23", "name": "69. Hello kitty strawberry  2 lb.JPG", "image": "/media/cakePics/69. Hello kitty strawberry  2 lb.JPG", "price": 1021, "brand": "Chefs Bakery", "shape": [1, 2, 3]}},
  {"pk": 71, "model": "product.cake", "fields": {"minsize": 2, "category": 2, "flavor": [1, 2, 3, 4, 5, 6, 7, 8, 9, 10, 11, 12, 13, 14, 15, 16, 17, 18, 19, 20, 21, 22, 23, 24], "created_on": "2017-01-23", "name": "133. Blue berry cheese cake 2 kg.JPG", "image": "/media/cakePics/133. Blue berry cheese cake 2 kg.JPG", "price": 1111, "brand": "Chefs Bakery", "shape": [1, 2, 3]}},
  {"pk": 72, "model": "product.cake", "fields": {"minsize": 2, "category": 3, "flavor": [1, 2, 3, 4, 5, 6, 7, 8, 9, 10, 11, 12, 13, 14, 15, 16, 17, 18, 19, 20, 21, 22, 23, 24], "created_on": "2017-01-23", "name": "119. Super khurkui 3 kg.JPG", "image": "/media/cakePics/119. Super khurkui 3 kg.JPG", "price": 1137, "brand": "Chefs Bakery", "shape": [1, 2, 3]}},
  {"pk": 73, "model": "product.cake", "fields": {"minsize": 2, "category": 4, "flavor": [1, 2, 3, 4, 5, 6, 7, 8, 9, 10, 11, 12, 13, 14, 15, 16, 17, 18, 19, 20, 21, 22, 23, 24], "created_on": "2017-01-23", "name": "38. Fathers day special butter scotch 2  LB.JPG", "image": "/media/cakePics/38. Fathers day special butter scotch 2  LB.JPG", "price": 1096, "brand": "Chefs Bakery", "shape": [1, 2, 3]}},
  {"pk": 74, "model": "product.cake", "fields": {"minsize": 2, "category": 2, "flavor": [1, 2, 3, 4, 5, 6, 7, 8, 9, 10, 11, 12, 13, 14, 15, 16, 17, 18, 19, 20, 21, 22, 23, 24], "created_on": "2017-01-23", "name": "87.Motu patlu  black forest 4 lb.JPG", "image": "/media/cakePics/87.Motu patlu  black forest 4 lb.JPG", "price": 1117, "brand": "Chefs Bakery", "shape": [1, 2, 3]}},
  {"pk": 75, "model": "product.cake", "fields": {"minsize": 2, "category": 3, "flavor": [1, 2, 3, 4, 5, 6, 7, 8, 9, 10, 11, 12, 13, 14, 15, 16, 17, 18, 19, 20, 21, 22, 23, 24], "created_on": "2017-01-23", "name": "33. Doremon cake 5 lb.JPG", "image": "/media/cakePics/33. Doremon cake 5 lb.JPG", "price": 1049, "brand": "Chefs Bakery", "shape": [1, 2, 3]}},
  {"pk": 76, "model": "product.cake", "fields": {"minsize": 2, "category": 4, "flavor": [1, 2, 3, 4, 5, 6, 7, 8, 9, 10, 11, 12, 13, 14, 15, 16, 17, 18, 19, 20, 21, 22, 23, 24], "created_on": "2017-01-23", "name": "61. Face topping   3 Lb.JPG", "image": "/media/cakePics/61. Face topping   3 Lb.JPG", "price": 1055, "brand": "Chefs Bakery", "shape": [1, 2, 3]}},
  {"pk": 77, "model": "product.cake", "fields": {"minsize": 2, "category": 7, "flavor": [1, 2, 3, 4, 5, 6, 7, 8, 9, 10, 11, 12, 13, 14, 15, 16, 17, 18, 19, 20, 21, 22, 23, 24], "created_on": "2017-01-23", "name": "111. Custome design cake  4 Lb.JPG", "image": "/media/cakePics/111. Custome design cake  4 Lb.JPG", "price": 1003, "brand": "Chefs Bakery", "shape": [1, 2, 3]}},
  {"pk": 78, "model": "product.cake", "fields": {"minsize": 2, "category": 8, "flavor": [1, 2, 3, 4, 5, 6, 7, 8, 9, 10, 11, 12, 13, 14, 15, 16, 17, 18, 19, 20, 21, 22, 23, 24], "created_on": "2017-01-23", "name": "22. Chocolate  cake 2 lb.jpg", "image": "/media/cakePics/22. Chocolate  cake 2 lb.jpg", "price": 1079, "brand": "Chefs Bakery", "shape": [1, 2, 3]}},
  {"pk": 79, "model": "product.cake", "fields": {"minsize": 2, "category": 3, "flavor": [1, 2, 3, 4, 5, 6, 7, 8, 9, 10, 11, 12, 13, 14, 15, 16, 17, 18, 19, 20, 21, 22, 23, 24], "created_on": "2017-01-23", "name": "86. Double story doremon 7 lb.JPG", "image": "/media/cakePics/86. Double story doremon 7 lb.JPG", "price": 1063, "brand": "Chefs Bakery", "shape": [1, 2, 3]}},
  {"pk": 80, "model": "product.cake", "fields": {"minsize": 2, "category": 9, "flavor": [1, 2, 3, 4, 5, 6, 7, 8, 9, 10, 11, 12, 13, 14, 15, 16, 17, 18, 19, 20, 21, 22, 23, 24], "created_on": "2017-01-23", "name": "14. Numeric  W F 3 lb.jpg", "image": "/media/cakePics/14. Numeric  W F 3 lb.jpg", "price": 1065, "brand": "Chefs Bakery", "shape": [1, 2, 3]}},
  {"pk": 81, "model": "product.cake", "fields": {"minsize": 2, "category": 6, "flavor": [1, 2, 3, 4, 5, 6, 7, 8, 9, 10, 11, 12, 13, 14, 15, 16, 17, 18, 19, 20, 21, 22, 23, 24], "created_on": "2017-01-23", "name": "90. Babt shawor  black forest 4 lb.JPG", "image": "/media/cakePics/90. Babt shawor  black forest 4 lb.JPG", "price": 1118, "brand": "Chefs Bakery", "shape": [1, 2, 3]}},
  {"pk": 82, "model": "product.cake", "fields": {"minsize": 2, "category": 8, "flavor": [1, 2, 3, 4, 5, 6, 7, 8, 9, 10, 11, 12, 13, 14, 15, 16, 17, 18, 19, 20, 21, 22, 23, 24], "created_on": "2017-01-23", "name": "3.Motu  topping black forest  2 lb.jpg", "image": "/media/cakePics/3.Motu  topping black forest  2 lb.jpg", "price": 1034, "brand": "Chefs Bakery", "shape": [1, 2, 3]}},
  {"pk": 83, "model": "product.cake", "fields": {"minsize": 2, "category": 2, "flavor": [1, 2, 3, 4, 5, 6, 7, 8, 9, 10, 11, 12, 13, 14, 15, 16, 17, 18, 19, 20, 21, 22, 23, 24], "created_on": "2017-01-23", "name": "136. Wedding cake 6 kg.JPG", "image": "/media/cakePics/136. Wedding cake 6 kg.JPG", "price": 1077, "brand": "Chefs Bakery", "shape": [1, 2, 3]}},
  {"pk": 84, "model": "product.cake", "fields": {"minsize": 2, "category": 4, "flavor": [1, 2, 3, 4, 5, 6, 7, 8, 9, 10, 11, 12, 13, 14, 15, 16, 17, 18, 19, 20, 21, 22, 23, 24], "created_on": "2017-01-23", "name": "66. Face topping white forest 3 lb.JPG", "image": "/media/cakePics/66. Face topping white forest 3 lb.JPG", "price": 1022, "brand": "Chefs Bakery", "shape": [1, 2, 3]}},
  {"pk": 85, "model": "product.cake", "fields": {"minsize": 2, "category": 6, "flavor": [1, 2, 3, 4, 5, 6, 7, 8, 9, 10, 11, 12, 13, 14, 15, 16, 17, 18, 19, 20, 21, 22, 23, 24], "created_on": "2017-01-23", "name": "64. Rainbow cake 6 lb.JPG", "image": "/media/cakePics/64. Rainbow cake 6 lb.JPG", "price": 1001, "brand": "Chefs Bakery", "shape": [1, 2, 3]}},
  {"pk": 86, "model": "product.cake", "fields": {"minsize": 2, "category": 2, "flavor": [1, 2, 3, 4, 5, 6, 7, 8, 9, 10, 11, 12, 13, 14, 15, 16, 17, 18, 19, 20, 21, 22, 23, 24], "created_on": "2017-01-23", "name": "121. Wedding Double decor  4 kg.JPG", "image": "/media/cakePics/121. Wedding Double decor  4 kg.JPG", "price": 1028, "brand": "Chefs Bakery", "shape": [1, 2, 3]}},
  {"pk": 87, "model": "product.cake", "fields": {"minsize": 2, "category": 7, "flavor": [1, 2, 3, 4, 5, 6, 7, 8, 9, 10, 11, 12, 13, 14, 15, 16, 17, 18, 19, 20, 21, 22, 23, 24], "created_on": "2017-01-23", "name": "1.Eggless black forest f 2 lb.jpg", "image": "/media/cakePics/1.Eggless black forest f 2 lb.jpg", "price": 1092, "brand": "Chefs Bakery", "shape": [1, 2, 3]}},
  {"pk": 88, "model": "product.cake", "fields": {"minsize": 2, "category": 4, "flavor": [1, 2, 3, 4, 5, 6, 7, 8, 9, 10, 11, 12, 13, 14, 15, 16, 17, 18, 19, 20, 21, 22, 23, 24], "created_on": "2017-01-23", "name": "129.00 Hollowin  chocolate 6 kg.JPG", "image": "/media/cakePics/129.00 Hollowin  chocolate 6 kg.JPG", "price": 1094, "brand": "Chefs Bakery", "shape": [1, 2, 3]}},
  {"pk": 89, "model": "product.cake", "fields": {"minsize": 2, "category": 6, "flavor": [1, 2, 3, 4, 5, 6, 7, 8, 9, 10, 11, 12, 13, 14, 15, 16, 17, 18, 19, 20, 21, 22, 23, 24], "created_on": "2017-01-23", "name": "146. Dome  3 kg.JPG", "image": "/media/cakePics/146. Dome  3 kg.JPG", "price": 1104, "brand": "Chefs Bakery", "shape": [1, 2, 3]}},
  {"pk": 90, "model": "product.cake", "fields": {"minsize": 2, "category": 7, "flavor": [1, 2, 3, 4, 5, 6, 7, 8, 9, 10, 11, 12, 13, 14, 15, 16, 17, 18, 19, 20, 21, 22, 23, 24], "created_on": "2017-01-23", "name": "63. Double decor  Vanilla6 Lb  cake.JPG", "image": "/media/cakePics/63. Double decor  Vanilla6 Lb  cake.JPG", "price": 1090, "brand": "Chefs Bakery", "shape": [1, 2, 3]}},
  {"pk": 91, "model": "product.cake", "fields": {"minsize": 2, "category": 4, "flavor": [1, 2, 3, 4, 5, 6, 7, 8, 9, 10, 11, 12, 13, 14, 15, 16, 17, 18, 19, 20, 21, 22, 23, 24], "created_on": "2017-01-23", "name": "117. Butter scotch welcome home 1 kg.JPG", "image": "/media/cakePics/117. Butter scotch welcome home 1 kg.JPG", "price": 1029, "brand": "Chefs Bakery", "shape": [1, 2, 3]}},
  {"pk": 92, "model": "product.cake", "fields": {"minsize": 2, "category": 1, "flavor": [1, 2, 3, 4, 5, 6, 7, 8, 9, 10, 11, 12, 13, 14, 15, 16, 17, 18, 19, 20, 21, 22, 23, 24], "created_on": "2017-01-23", "name": "57. Baked cheese cake  2 lb.jpg", "image": "/media/cakePics/57. Baked cheese cake  2 lb.jpg", "price": 1079, "brand": "Chefs Bakery", "shape": [1, 2, 3]}},
  {"pk": 93, "model": "product.cake", "fields": {"minsize": 2, "category": 7, "flavor": [1, 2, 3, 4, 5, 6, 7, 8, 9, 10, 11, 12, 13, 14, 15, 16, 17, 18, 19, 20, 21, 22, 23, 24], "created_on": "2017-01-23", "name": "43. Custome design Farm 8 LB.JPG", "image": "/media/cakePics/43. Custome design Farm 8 LB.JPG", "price": 1149, "brand": "Chefs Bakery", "shape": [1, 2, 3]}},
  {"pk": 94, "model": "product.cake", "fields": {"minsize": 2, "category": 3, "flavor": [1, 2, 3, 4, 5, 6, 7, 8, 9, 10, 11, 12, 13, 14, 15, 16, 17, 18, 19, 20, 21, 22, 23, 24], "created_on": "2017-01-23", "name": "98. Assorted pastries 25 nos.JPG", "image": "/media/cakePics/98. Assorted pastries 25 nos.JPG", "price": 1085, "brand": "Chefs Bakery", "shape": [1, 2, 3]}},
  {"pk": 95, "model": "product.cake", "fields": {"minsize": 2, "category": 1, "flavor": [1, 2, 3, 4, 5, 6, 7, 8, 9, 10, 11, 12, 13, 14, 15, 16, 17, 18, 19, 20, 21, 22, 23, 24], "created_on": "2017-01-23", "name": "54. Chocolate Cake 2 lb.JPG", "image": "/media/cakePics/54. Chocolate Cake 2 lb.JPG", "price": 1136, "brand": "Chefs Bakery", "shape": [1, 2, 3]}},
  {"pk": 96, "model": "product.cake", "fields": {"minsize": 2, "category": 7, "flavor": [1, 2, 3, 4, 5, 6, 7, 8, 9, 10, 11, 12, 13, 14, 15, 16, 17, 18, 19, 20, 21, 22, 23, 24], "created_on": "2017-01-23", "name": "135, Wedding cake  3 kg.JPG", "image": "/media/cakePics/135, Wedding cake  3 kg.JPG", "price": 1122, "brand": "Chefs Bakery", "shape": [1, 2, 3]}},
  {"pk": 97, "model": "product.cake", "fields": {"minsize": 2, "category": 5, "flavor": [1, 2, 3, 4, 5, 6, 7, 8, 9, 10, 11, 12, 13, 14, 15, 16, 17, 18, 19, 20, 21, 22, 23, 24], "created_on": "2017-01-23", "name": "29. Christmas special Father head black forest   2 Lb.jpg", "image": "/media/cakePics/29. Christmas special Father head black forest   2 Lb.jpg", "price": 1026, "brand": "Chefs Bakery", "shape": [1, 2, 3]}},
  {"pk": 98, "model": "product.cake", "fields": {"minsize": 2, "category": 4, "flavor": [1, 2, 3, 4, 5, 6, 7, 8, 9, 10, 11, 12, 13, 14, 15, 16, 17, 18, 19, 20, 21, 22, 23, 24], "created_on": "2017-01-23", "name": "108. Guiter shape cake  6 Lb.JPG", "image": "/media/cakePics/108. Guiter shape cake  6 Lb.JPG", "price": 1123, "brand": "Chefs Bakery", "shape": [1, 2, 3]}},
  {"pk": 99, "model": "product.cake", "fields": {"minsize": 2, "category": 7, "flavor": [1, 2, 3, 4, 5, 6, 7, 8, 9, 10, 11, 12, 13, 14, 15, 16, 17, 18, 19, 20, 21, 22, 23, 24], "created_on": "2017-01-23", "name": "30. Foot ball shape chocolate cake  4 lb football.jpg", "image": "/media/cakePics/30. Foot ball shape chocolate cake  4 lb football.jpg", "price": 1150, "brand": "Chefs Bakery", "shape": [1, 2, 3]}},
  {"pk": 100, "model": "product.cake", "fields": {"minsize": 2, "category": 9, "flavor": [1, 2, 3, 4, 5, 6, 7, 8, 9, 10, 11, 12, 13, 14, 15, 16, 17, 18, 19, 20, 21, 22, 23, 24], "created_on": "2017-01-23", "name": "25. Double decor small wedding cake  4 Lb.jpg", "image": "/media/cakePics/25. Double decor small wedding cake  4 Lb.jpg", "price": 1034, "brand": "Chefs Bakery", "shape": [1, 2, 3]}},
  {"pk": 101, "model": "product.cake", "fields": {"minsize": 2, "category": 4, "flavor": [1, 2, 3, 4, 5, 6, 7, 8, 9, 10, 11, 12, 13, 14, 15, 16, 17, 18, 19, 20, 21, 22, 23, 24], "created_on": "2017-01-23", "name": "77. Dashain Special 3 lb.JPG", "image": "/media/cakePics/77. Dashain Special 3 lb.JPG", "price": 1136, "brand": "Chefs Bakery", "shape": [1, 2, 3]}},
  {"pk": 102, "model": "product.cake", "fields": {"minsize": 2, "category": 2, "flavor": [1, 2, 3, 4, 5, 6, 7, 8, 9, 10, 11, 12, 13, 14, 15, 16, 17, 18, 19, 20, 21, 22, 23, 24], "created_on": "2017-01-23", "name": "5.Fresh  fruit  cream cake  2 lb.jpg", "image": "/media/cakePics/5.Fresh  fruit  cream cake  2 lb.jpg", "price": 1138, "brand": "Chefs Bakery", "shape": [1, 2, 3]}},
  {"pk": 103, "model": "product.cake", "fields": {"minsize": 2, "category": 2, "flavor": [1, 2, 3, 4, 5, 6, 7, 8, 9, 10, 11, 12, 13, 14, 15, 16, 17, 18, 19, 20, 21, 22, 23, 24], "created_on": "2017-01-23", "name": "96. Special wedding cake 2 lb.JPG", "image": "/media/cakePics/96. Special wedding cake 2 lb.JPG", "price": 1078, "brand": "Chefs Bakery", "shape": [1, 2, 3]}},
  {"pk": 104, "model": "product.cake", "fields": {"minsize": 2, "category": 2, "flavor": [1, 2, 3, 4, 5, 6, 7, 8, 9, 10, 11, 12, 13, 14, 15, 16, 17, 18, 19, 20, 21, 22, 23, 24], "created_on": "2017-01-23", "name": "2.Doremon  black forest  2 lb.jpg", "image": "/media/cakePics/2.Doremon  black forest  2 lb.jpg", "price": 1050, "brand": "Chefs Bakery", "shape": [1, 2, 3]}},
  {"pk": 105, "model": "product.cake", "fields": {"minsize": 2, "category": 1, "flavor": [1, 2, 3, 4, 5, 6, 7, 8, 9, 10, 11, 12, 13, 14, 15, 16, 17, 18, 19, 20, 21, 22, 23, 24], "created_on": "2017-01-23", "name": "26. Dipawali Special Black forest  3 Lb.JPG", "image": "/media/cakePics/26. Dipawali Special Black forest  3 Lb.JPG", "price": 1064, "brand": "Chefs Bakery", "shape": [1, 2, 3]}},
  {"pk": 106, "model": "product.cake", "fields": {"minsize": 2, "category": 6, "flavor": [1, 2, 3, 4, 5, 6, 7, 8, 9, 10, 11, 12, 13, 14, 15, 16, 17, 18, 19, 20, 21, 22, 23, 24], "created_on": "2017-01-23", "name": "70 Guiter Black forest.JPG", "image": "/media/cakePics/70 Guiter Black forest.JPG", "price": 1044, "brand": "Chefs Bakery", "shape": [1, 2, 3]}},
  {"pk": 107, "model": "product.cake", "fields": {"minsize": 2, "category": 5, "flavor": [1, 2, 3, 4, 5, 6, 7, 8, 9, 10, 11, 12, 13, 14, 15, 16, 17, 18, 19, 20, 21, 22, 23, 24], "created_on": "2017-01-23", "name": "143. Welcome home vanilla 1 kg.jpg", "image": "/media/cakePics/143. Welcome home vanilla 1 kg.jpg", "price": 1139, "brand": "Chefs Bakery", "shape": [1, 2, 3]}},
  {"pk": 108, "model": "product.cake", "fields": {"minsize": 2, "category": 9, "flavor": [1, 2, 3, 4, 5, 6, 7, 8, 9, 10, 11, 12, 13, 14, 15, 16, 17, 18, 19, 20, 21, 22, 23, 24], "created_on": "2017-01-23", "name": "158. Black forest 1 pound.jpg", "image": "/media/cakePics/158. Black forest 1 pound.jpg", "price": 1021, "brand": "Chefs Bakery", "shape": [1, 2, 3]}},
  {"pk": 109, "model": "product.cake", "fields": {"minsize": 2, "category": 5, "flavor": [1, 2, 3, 4, 5, 6, 7, 8, 9, 10, 11, 12, 13, 14, 15, 16, 17, 18, 19, 20, 21, 22, 23, 24], "created_on": "2017-01-23", "name": "49. Lofo Topping  White forest.JPG", "image": "/media/cakePics/49. Lofo Topping  White forest.JPG", "price": 1131, "brand": "Chefs Bakery", "shape": [1, 2, 3]}},
  {"pk": 110, "model": "product.cake", "fields": {"minsize": 2, "category": 7, "flavor": [1, 2, 3, 4, 5, 6, 7, 8, 9, 10, 11, 12, 13, 14, 15, 16, 17, 18, 19, 20, 21, 22, 23, 24], "created_on": "2017-01-23", "name": "102. Special Chocolate  cake 4 Lb.JPG", "image": "/media/cakePics/102. Special Chocolate  cake 4 Lb.JPG", "price": 1078, "brand": "Chefs Bakery", "shape": [1, 2, 3]}},
  {"pk": 111, "model": "product.cake", "fields": {"minsize": 2, "category": 2, "flavor": [1, 2, 3, 4, 5, 6, 7, 8, 9, 10, 11, 12, 13, 14, 15, 16, 17, 18, 19, 20, 21, 22, 23, 24], "created_on": "2017-01-23", "name": "132 Carrot cake 4 kg.JPG", "image": "/media/cakePics/132 Carrot cake 4 kg.JPG", "price": 1073, "brand": "Chefs Bakery", "shape": [1, 2, 3]}},
  {"pk": 112, "model": "product.cake", "fields": {"minsize": 2, "category": 5, "flavor": [1, 2, 3, 4, 5, 6, 7, 8, 9, 10, 11, 12, 13, 14, 15, 16, 17, 18, 19, 20, 21, 22, 23, 24], "created_on": "2017-01-23", "name": "82. Logo special design  8 lb.JPG", "image": "/media/cakePics/82. Logo special design  8 lb.JPG", "price": 1002, "brand": "Chefs Bakery", "shape": [1, 2, 3]}},
  {"pk": 113, "model": "product.cake", "fields": {"minsize": 2, "category": 4, "flavor": [1, 2, 3, 4, 5, 6, 7, 8, 9, 10, 11, 12, 13, 14, 15, 16, 17, 18, 19, 20, 21, 22, 23, 24], "created_on": "2017-01-23", "name": "17. Angry Birds 3 LB.jpg", "image": "/media/cakePics/17. Angry Birds 3 LB.jpg", "price": 1082, "brand": "Chefs Bakery", "shape": [1, 2, 3]}},
  {"pk": 114, "model": "product.cake", "fields": {"minsize": 2, "category": 3, "flavor": [1, 2, 3, 4, 5, 6, 7, 8, 9, 10, 11, 12, 13, 14, 15, 16, 17, 18, 19, 20, 21, 22, 23, 24], "created_on": "2017-01-23", "name": "100. Vanilla Heart shape cake  2 Lb.JPG", "image": "/media/cakePics/100. Vanilla Heart shape cake  2 Lb.JPG", "price": 1116, "brand": "Chefs Bakery", "shape": [1, 2, 3]}},
  {"pk": 115, "model": "product.cake", "fields": {"minsize": 2, "category": 9, "flavor": [1, 2, 3, 4, 5, 6, 7, 8, 9, 10, 11, 12, 13, 14, 15, 16, 17, 18, 19, 20, 21, 22, 23, 24], "created_on": "2017-01-23", "name": "85. Multy flevered   double story   7 lb.JPG", "image": "/media/cakePics/85. Multy flevered   double story   7 lb.JPG", "price": 1057, "brand": "Chefs Bakery", "shape": [1, 2, 3]}},
  {"pk": 116, "model": "product.cake", "fields": {"minsize": 2, "category": 3, "flavor": [1, 2, 3, 4, 5, 6, 7, 8, 9, 10, 11, 12, 13, 14, 15, 16, 17, 18, 19, 20, 21, 22, 23, 24], "created_on": "2017-01-23", "name": "123. Cup cakes  20 nos.JPG", "image": "/media/cakePics/123. Cup cakes  20 nos.JPG", "price": 1004, "brand": "Chefs Bakery", "shape": [1, 2, 3]}},
  {"pk": 117, "model": "product.cake", "fields": {"minsize": 2, "category": 3, "flavor": [1, 2, 3, 4, 5, 6, 7, 8, 9, 10, 11, 12, 13, 14, 15, 16, 17, 18, 19, 20, 21, 22, 23, 24], "created_on": "2017-01-23", "name": "127. Vanilla sqr shape 2 kg.JPG", "image": "/media/cakePics/127. Vanilla sqr shape 2 kg.JPG", "price": 1131, "brand": "Chefs Bakery", "shape": [1, 2, 3]}},
  {"pk": 118, "model": "product.cake", "fields": {"minsize": 2, "category": 9, "flavor": [1, 2, 3, 4, 5, 6, 7, 8, 9, 10, 11, 12, 13, 14, 15, 16, 17, 18, 19, 20, 21, 22, 23, 24], "created_on": "2017-01-23", "name": "152. Princess topping  1 kg.jpg", "image": "/media/cakePics/152. Princess topping  1 kg.jpg", "price": 1122, "brand": "Chefs Bakery", "shape": [1, 2, 3]}},
  {"pk": 119, "model": "product.cake", "fields": {"minsize": 2, "category": 4, "flavor": [1, 2, 3, 4, 5, 6, 7, 8, 9, 10, 11, 12, 13, 14, 15, 16, 17, 18, 19, 20, 21, 22, 23, 24], "created_on": "2017-01-23", "name": "142. Choco mocca 3 lb.JPG", "image": "/media/cakePics/142. Choco mocca 3 lb.JPG", "price": 1016, "brand": "Chefs Bakery", "shape": [1, 2, 3]}},
  {"pk": 120, "model": "product.cake", "fields": {"minsize": 2, "category": 2, "flavor": [1, 2, 3, 4, 5, 6, 7, 8, 9, 10, 11, 12, 13, 14, 15, 16, 17, 18, 19, 20, 21, 22, 23, 24], "created_on": "2017-01-23", "name": "92. wedding cake 12 lb.JPG", "image": "/media/cakePics/92. wedding cake 12 lb.JPG", "price": 1047, "brand": "Chefs Bakery", "shape": [1, 2, 3]}},
  {"pk": 121, "model": "product.cake", "fields": {"minsize": 2, "category": 3, "flavor": [1, 2, 3, 4, 5, 6, 7, 8, 9, 10, 11, 12, 13, 14, 15, 16, 17, 18, 19, 20, 21, 22, 23, 24], "created_on": "2017-01-23", "name": "10.  Ice cream Cake  2 LB.JPG", "image": "/media/cakePics/10.  Ice cream Cake  2 LB.JPG", "price": 1081, "brand": "Chefs Bakery", "shape": [1, 2, 3]}},
  {"pk": 122, "model": "product.cake", "fields": {"minsize": 2, "category": 7, "flavor": [1, 2, 3, 4, 5, 6, 7, 8, 9, 10, 11, 12, 13, 14, 15, 16, 17, 18, 19, 20, 21, 22, 23, 24], "created_on": "2017-01-23", "name": "48. Wedding white forest  6 LB.JPG", "image": "/media/cakePics/48. Wedding white forest  6 LB.JPG", "price": 1062, "brand": "Chefs Bakery", "shape": [1, 2, 3]}},
  {"pk": 123, "model": "product.cake", "fields": {"minsize": 2, "category": 4, "flavor": [1, 2, 3, 4, 5, 6, 7, 8, 9, 10, 11, 12, 13, 14, 15, 16, 17, 18, 19, 20, 21, 22, 23, 24], "created_on": "2017-01-23", "name": "16. Blue Berry Cheese cake  4 LB.JPG", "image": "/media/cakePics/16. Blue Berry Cheese cake  4 LB.JPG", "price": 1129, "brand": "Chefs Bakery", "shape": [1, 2, 3]}},
  {"pk": 124, "model": "product.cake", "fields": {"minsize": 2, "category": 2, "flavor": [1, 2, 3, 4, 5, 6, 7, 8, 9, 10, 11, 12, 13, 14, 15, 16, 17, 18, 19, 20, 21, 22, 23, 24], "created_on": "2017-01-23", "name": "148. Music lovers 3 lb.jpg", "image": "/media/cakePics/148. Music lovers 3 lb.jpg", "price": 1108, "brand": "Chefs Bakery", "shape": [1, 2, 3]}},
  {"pk": 125, "model": "product.cake", "fields": {"minsize": 2, "category": 2, "flavor": [1, 2, 3, 4, 5, 6, 7, 8, 9, 10, 11, 12, 13, 14, 15, 16, 17, 18, 19, 20, 21, 22, 23, 24], "created_on": "2017-01-23", "name": "47. Wedding special Black forest  5 Lb.JPG", "image": "/media/cakePics/47. Wedding special Black forest  5 Lb.JPG", "price": 1030, "brand": "Chefs Bakery", "shape": [1, 2, 3]}},
  {"pk": 126, "model": "product.cake", "fields": {"minsize": 2, "category": 7, "flavor": [1, 2, 3, 4, 5, 6, 7, 8, 9, 10, 11, 12, 13, 14, 15, 16, 17, 18, 19, 20, 21, 22, 23, 24], "created_on": "2017-01-23", "name": "40l. Teddy Topping  6 Lb.JPG", "image": "/media/cakePics/40l. Teddy Topping  6 Lb.JPG", "price": 1150, "brand": "Chefs Bakery", "shape": [1, 2, 3]}},
  {"pk": 127, "model": "product.cake", "fields": {"minsize": 2, "category": 1, "flavor": [1, 2, 3, 4, 5, 6, 7, 8, 9, 10, 11, 12, 13, 14, 15, 16, 17, 18, 19, 20, 21, 22, 23, 24], "created_on": "2017-01-23", "name": "65. Angry ibirds topping  3 lb.JPG", "image": "/media/cakePics/65. Angry ibirds topping  3 lb.JPG", "price": 1090, "brand": "Chefs Bakery", "shape": [1, 2, 3]}},
  {"pk": 128, "model": "product.cake", "fields": {"minsize": 2, "category": 8, "flavor": [1, 2, 3, 4, 5, 6, 7, 8, 9, 10, 11, 12, 13, 14, 15, 16, 17, 18, 19, 20, 21, 22, 23, 24], "created_on": "2017-01-23", "name": "139. Ceremony white forest  4 kg.JPG", "image": "/media/cakePics/139. Ceremony white forest  4 kg.JPG", "price": 1130, "brand": "Chefs Bakery", "shape": [1, 2, 3]}},
  {"pk": 129, "model": "product.cake", "fields": {"minsize": 2, "category": 1, "flavor": [1, 2, 3, 4, 5, 6, 7, 8, 9, 10, 11, 12, 13, 14, 15, 16, 17, 18, 19, 20, 21, 22, 23, 24], "created_on": "2017-01-23", "name": "53. Numeric black or white forest  3 lb.JPG", "image": "/media/cakePics/53. Numeric black or white forest  3 lb.JPG", "price": 1098, "brand": "Chefs Bakery", "shape": [1, 2, 3]}},
  {"pk": 130, "model": "product.cake", "fields": {"minsize": 2, "category": 3, "flavor": [1, 2, 3, 4, 5, 6, 7, 8, 9, 10, 11, 12, 13, 14, 15, 16, 17, 18, 19, 20, 21, 22, 23, 24], "created_on": "2017-01-23", "name": "13. Spider man  3 lb.jpg", "image": "/media/cakePics/13. Spider man  3 lb.jpg", "price": 1111, "brand": "Chefs Bakery", "shape": [1, 2, 3]}},
  {"pk": 131, "model": "product.cake", "fields": {"minsize": 2, "category": 8, "flavor": [1, 2, 3, 4, 5, 6, 7, 8, 9, 10, 11, 12, 13, 14, 15, 16, 17, 18, 19, 20, 21, 22, 23, 24], "created_on": "2017-01-23", "name": "84.Black forest  2 lb.jpg", "image": "/media/cakePics/84.Black forest  2 lb.jpg", "price": 1080, "brand": "Chefs Bakery", "shape": [1, 2, 3]}},
  {"pk": 132, "model": "product.cake", "fields": {"minsize": 2, "category": 5, "flavor": [1, 2, 3, 4, 5, 6, 7, 8, 9, 10, 11, 12, 13, 14, 15, 16, 17, 18, 19, 20, 21, 22, 23, 24], "created_on": "2017-01-23", "name": "114. Double decor 5 lb.JPG", "image": "/media/cakePics/114. Double decor 5 lb.JPG", "price": 1021, "brand": "Chefs Bakery", "shape": [1, 2, 3]}},
  {"pk": 133, "model": "product.cake", "fields": {"minsize": 2, "category": 9, "flavor": [1, 2, 3, 4, 5, 6, 7, 8, 9, 10, 11, 12, 13, 14, 15, 16, 17, 18, 19, 20, 21, 22, 23, 24], "created_on": "2017-01-23", "name": "115. Special Design  double decor black forest 3 Kg.JPG", "image": "/media/cakePics/115. Special Design  double decor black forest 3 Kg.JPG", "price": 1059, "brand": "Chefs Bakery", "shape": [1, 2, 3]}},
  {"pk": 134, "model": "product.cake", "fields": {"minsize": 2, "category": 3, "flavor": [1, 2, 3, 4, 5, 6, 7, 8, 9, 10, 11, 12, 13, 14, 15, 16, 17, 18, 19, 20, 21, 22, 23, 24], "created_on": "2017-01-23", "name": "12. Wedding Cake  12 Pound.JPG", "image": "/media/cakePics/12. Wedding Cake  12 Pound.JPG", "price": 1142, "brand": "Chefs Bakery", "shape": [1, 2, 3]}},
  {"pk": 135, "model": "product.cake", "fields": {"minsize": 2, "category": 5, "flavor": [1, 2, 3, 4, 5, 6, 7, 8, 9, 10, 11, 12, 13, 14, 15, 16, 17, 18, 19, 20, 21, 22, 23, 24], "created_on": "2017-01-23", "name": "134. triple decor wedding cake  7 kg.JPG", "image": "/media/cakePics/134. triple decor wedding cake  7 kg.JPG", "price": 1041, "brand": "Chefs Bakery", "shape": [1, 2, 3]}},
  {"pk": 136, "model": "product.cake", "fields": {"minsize": 2, "category": 9, "flavor": [1, 2, 3, 4, 5, 6, 7, 8, 9, 10, 11, 12, 13, 14, 15, 16, 17, 18, 19, 20, 21, 22, 23, 24], "created_on": "2017-01-23", "name": "144. Freezer topping  3 kg.JPG", "image": "/media/cakePics/144. Freezer topping  3 kg.JPG", "price": 1026, "brand": "Chefs Bakery", "shape": [1, 2, 3]}},
  {"pk": 137, "model": "product.cake", "fields": {"minsize": 2, "category": 9, "flavor": [1, 2, 3, 4, 5, 6, 7, 8, 9, 10, 11, 12, 13, 14, 15, 16, 17, 18, 19, 20, 21, 22, 23, 24], "created_on": "2017-01-23", "name": "125. Special Vanilla cake 1 kg.JPG", "image": "/media/cakePics/125. Special Vanilla cake 1 kg.JPG", "price": 1129, "brand": "Chefs Bakery", "shape": [1, 2, 3]}},
  {"pk": 138, "model": "product.cake", "fields": {"minsize": 2, "category": 7, "flavor": [1, 2, 3, 4, 5, 6, 7, 8, 9, 10, 11, 12, 13, 14, 15, 16, 17, 18, 19, 20, 21, 22, 23, 24], "created_on": "2017-01-23", "name": "18. Wedding Cake 7 kg.jpg", "image": "/media/cakePics/18. Wedding Cake 7 kg.jpg", "price": 1056, "brand": "Chefs Bakery", "shape": [1, 2, 3]}},
  {"pk": 139, "model": "product.cake", "fields": {"minsize": 2, "category": 9, "flavor": [1, 2, 3, 4, 5, 6, 7, 8, 9, 10, 11, 12, 13, 14, 15, 16, 17, 18, 19, 20, 21, 22, 23, 24], "created_on": "2017-01-23", "name": "19. Big  black forest  3 Kg.jpg", "image": "/media/cakePics/19. Big  black forest  3 Kg.jpg", "price": 1067, "brand": "Chefs Bakery", "shape": [1, 2, 3]}},
  {"pk": 140, "model": "product.cake", "fields": {"minsize": 2, "category": 7, "flavor": [1, 2, 3, 4, 5, 6, 7, 8, 9, 10, 11, 12, 13, 14, 15, 16, 17, 18, 19, 20, 21, 22, 23, 24], "created_on": "2017-01-23", "name": "15. Hello Kitty 2 lb.JPG", "image": "/media/cakePics/15. Hello Kitty 2 lb.JPG", "price": 1086, "brand": "Chefs Bakery", "shape": [1, 2, 3]}},
  {"pk": 141, "model": "product.cake", "fields": {"minsize": 2, "category": 3, "flavor": [1, 2, 3, 4, 5, 6, 7, 8, 9, 10, 11, 12, 13, 14, 15, 16, 17, 18, 19, 20, 21, 22, 23, 24], "created_on": "2017-01-23", "name": "60. Black forest  3 lb.JPG", "image": "/media/cakePics/60. Black forest  3 lb.JPG", "price": 1066, "brand": "Chefs Bakery", "shape": [1, 2, 3]}},
  {"pk": 142, "model": "product.cake", "fields": {"minsize": 2, "category": 7, "flavor": [1, 2, 3, 4, 5, 6, 7, 8, 9, 10, 11, 12, 13, 14, 15, 16, 17, 18, 19, 20, 21, 22, 23, 24], "created_on": "2017-01-23", "name": "35. Donald duck  6 LB.JPG", "image": "/media/cakePics/35. Donald duck  6 LB.JPG", "price": 1008, "brand": "Chefs Bakery", "shape": [1, 2, 3]}},
  {"pk": 143, "model": "product.cake", "fields": {"minsize": 2, "category": 7, "flavor": [1, 2, 3, 4, 5, 6, 7, 8, 9, 10, 11, 12, 13, 14, 15, 16, 17, 18, 19, 20, 21, 22, 23, 24], "created_on": "2017-01-23", "name": "109. Chocolate cake  2 Lb.JPG", "image": "/media/cakePics/109. Chocolate cake  2 Lb.JPG", "price": 1004, "brand": "Chefs Bakery", "shape": [1, 2, 3]}},
  {"pk": 144, "model": "product.cake", "fields": {"minsize": 2, "category": 3, "flavor": [1, 2, 3, 4, 5, 6, 7, 8, 9, 10, 11, 12, 13, 14, 15, 16, 17, 18, 19, 20, 21, 22, 23, 24], "created_on": "2017-01-23", "name": "51. Face topping Black forest 6 Lb.JPG", "image": "/media/cakePics/51. Face topping Black forest 6 Lb.JPG", "price": 1033, "brand": "Chefs Bakery", "shape": [1, 2, 3]}},
  {"pk": 145, "model": "product.cake", "fields": {"minsize": 2, "category": 3, "flavor": [1, 2, 3, 4, 5, 6, 7, 8, 9, 10, 11, 12, 13, 14, 15, 16, 17, 18, 19, 20, 21, 22, 23, 24], "created_on": "2017-01-23", "name": "24 Dark and white forest 4 Lb.jpg", "image": "/media/cakePics/24 Dark and white forest 4 Lb.jpg", "price": 1062, "brand": "Chefs Bakery", "shape": [1, 2, 3]}},
  {"pk": 146, "model": "product.cake", "fields": {"minsize": 2, "category": 8, "flavor": [1, 2, 3, 4, 5, 6, 7, 8, 9, 10, 11, 12, 13, 14, 15, 16, 17, 18, 19, 20, 21, 22, 23, 24], "created_on": "2017-01-23", "name": "11. Baked Cheese Cake  2 lb.jpg", "image": "/media/cakePics/11. Baked Cheese Cake  2 lb.jpg", "price": 1003, "brand": "Chefs Bakery", "shape": [1, 2, 3]}},
  {"pk": 147, "model": "product.cake", "fields": {"minsize": 2, "category": 1, "flavor": [1, 2, 3, 4, 5, 6, 7, 8, 9, 10, 11, 12, 13, 14, 15, 16, 17, 18, 19, 20, 21, 22, 23, 24], "created_on": "2017-01-23", "name": "74. Doremon black forest  2 lb.JPG", "image": "/media/cakePics/74. Doremon black forest  2 lb.JPG", "price": 1096, "brand": "Chefs Bakery", "shape": [1, 2, 3]}},
  {"pk": 148, "model": "product.cake", "fields": {"minsize": 2, "category": 3, "flavor": [1, 2, 3, 4, 5, 6, 7, 8, 9, 10, 11, 12, 13, 14, 15, 16, 17, 18, 19, 20, 21, 22, 23, 24], "created_on": "2017-01-23", "name": "128. Double heart , double decor  BF 4 kg.JPG", "image": "/media/cakePics/128. Double heart , double decor  BF 4 kg.JPG", "price": 1077, "brand": "Chefs Bakery", "shape": [1, 2, 3]}},
  {"pk": 149, "model": "product.cake", "fields": {"minsize": 2, "category": 2, "flavor": [1, 2, 3, 4, 5, 6, 7, 8, 9, 10, 11, 12, 13, 14, 15, 16, 17, 18, 19, 20, 21, 22, 23, 24], "created_on": "2017-01-23", "name": "110. Special Choco chips cake 3 lb.JPG", "image": "/media/cakePics/110. Special Choco chips cake 3 lb.JPG", "price": 1147, "brand": "Chefs Bakery", "shape": [1, 2, 3]}},
  {"pk": 150, "model": "product.cake", "fields": {"minsize": 2, "category": 3, "flavor": [1, 2, 3, 4, 5, 6, 7, 8, 9, 10, 11, 12, 13, 14, 15, 16, 17, 18, 19, 20, 21, 22, 23, 24], "created_on": "2017-01-23", "name": "58. Dora topping cake 2 lb.JPG", "image": "/media/cakePics/58. Dora topping cake 2 lb.JPG", "price": 1089, "brand": "Chefs Bakery", "shape": [1, 2, 3]}},
  {"pk": 151, "model": "product.cake", "fields": {"minsize": 2, "category": 4, "flavor": [1, 2, 3, 4, 5, 6, 7, 8, 9, 10, 11, 12, 13, 14, 15, 16, 17, 18, 19, 20, 21, 22, 23, 24], "created_on": "2017-01-23", "name": "124. Mac topping  1 kg.JPG", "image": "/media/cakePics/124. Mac topping  1 kg.JPG", "price": 1001, "brand": "Chefs Bakery", "shape": [1, 2, 3]}},
  {"pk": 152, "model": "product.cake", "fields": {"minsize": 2, "category": 3, "flavor": [1, 2, 3, 4, 5, 6, 7, 8, 9, 10, 11, 12, 13, 14, 15, 16, 17, 18, 19, 20, 21, 22, 23, 24], "created_on": "2017-01-23", "name": "72. Walnuts  chocolate brownies 1 kg.JPG", "image": "/media/cakePics/72. Walnuts  chocolate brownies 1 kg.JPG", "price": 1054, "brand": "Chefs Bakery", "shape": [1, 2, 3]}},
  {"pk": 153, "model": "product.cake", "fields": {"minsize": 2, "category": 2, "flavor": [1, 2, 3, 4, 5, 6, 7, 8, 9, 10, 11, 12, 13, 14, 15, 16, 17, 18, 19, 20, 21, 22, 23, 24], "created_on": "2017-01-23", "name": "67. smiley  black forest 3 lb.JPG", "image": "/media/cakePics/67. smiley  black forest 3 lb.JPG", "price": 1054, "brand": "Chefs Bakery", "shape": [1, 2, 3]}},
  {"pk": 154, "model": "product.cake", "fields": {"minsize": 2, "category": 1, "flavor": [1, 2, 3, 4, 5, 6, 7, 8, 9, 10, 11, 12, 13, 14, 15, 16, 17, 18, 19, 20, 21, 22, 23, 24], "created_on": "2017-01-23", "name": "81. Custome design  cake 2 lb.JPG", "image": "/media/cakePics/81. Custome design  cake 2 lb.JPG", "price": 1040, "brand": "Chefs Bakery", "shape": [1, 2, 3]}},
  {"pk": 155, "model": "product.cake", "fields": {"minsize": 2, "category": 5, "flavor": [1, 2, 3, 4, 5, 6, 7, 8, 9, 10, 11, 12, 13, 14, 15, 16, 17, 18, 19, 20, 21, 22, 23, 24], "created_on": "2017-01-23", "name": "28. Black forest Cake  2 Lb.jpg", "image": "/media/cakePics/28. Black forest Cake  2 Lb.jpg", "price": 1072, "brand": "Chefs Bakery", "shape": [1, 2, 3]}},
  {"pk": 156, "model": "product.cake", "fields": {"minsize": 2, "category": 1, "flavor": [1, 2, 3, 4, 5, 6, 7, 8, 9, 10, 11, 12, 13, 14, 15, 16, 17, 18, 19, 20, 21, 22, 23, 24], "created_on": "2017-01-23", "name": "116. Double decor Hearts 6 kg.JPG", "image": "/media/cakePics/116. Double decor Hearts 6 kg.JPG", "price": 1132, "brand": "Chefs Bakery", "shape": [1, 2, 3]}},
  {"pk": 157, "model": "product.cake", "fields": {"minsize": 2, "category": 6, "flavor": [1, 2, 3, 4, 5, 6, 7, 8, 9, 10, 11, 12, 13, 14, 15, 16, 17, 18, 19, 20, 21, 22, 23, 24], "created_on": "2017-01-23", "name": "50. Chelsea topping Black forest 2 lb.JPG", "image": "/media/cakePics/50. Chelsea topping Black forest 2 lb.JPG", "price": 1115, "brand": "Chefs Bakery", "shape": [1, 2, 3]}},
  {"pk": 158, "model": "product.cake", "fields": {"minsize": 2, "category": 9, "flavor": [1, 2, 3, 4, 5, 6, 7, 8, 9, 10, 11, 12, 13, 14, 15, 16, 17, 18, 19, 20, 21, 22, 23, 24], "created_on": "2017-01-23", "name": "75. Yule log  2 lb.JPG", "image": "/media/cakePics/75. Yule log  2 lb.JPG", "price": 1056, "brand": "Chefs Bakery", "shape": [1, 2, 3]}},
  {"pk": 159, "model": "product.cake", "fields": {"minsize": 2, "category": 3, "flavor": [1, 2, 3, 4, 5, 6, 7, 8, 9, 10, 11, 12, 13, 14, 15, 16, 17, 18, 19, 20, 21, 22, 23, 24], "created_on": "2017-01-23", "name": "9. Numeric Chocolate  cake 6 LB.jpg", "image": "/media/cakePics/9. Numeric Chocolate  cake 6 LB.jpg", "price": 1091, "brand": "Chefs Bakery", "shape": [1, 2, 3]}}

]
