[{"model": "auth.permission", "pk": 1, "fields": {"name": "Can add log entry", "content_type": 1, "codename": "add_logentry"}}, {"model": "auth.permission", "pk": 2, "fields": {"name": "Can change log entry", "content_type": 1, "codename": "change_logentry"}}, {"model": "auth.permission", "pk": 3, "fields": {"name": "Can delete log entry", "content_type": 1, "codename": "delete_logentry"}}, {"model": "auth.permission", "pk": 4, "fields": {"name": "Can add permission", "content_type": 2, "codename": "add_permission"}}, {"model": "auth.permission", "pk": 5, "fields": {"name": "Can change permission", "content_type": 2, "codename": "change_permission"}}, {"model": "auth.permission", "pk": 6, "fields": {"name": "Can delete permission", "content_type": 2, "codename": "delete_permission"}}, {"model": "auth.permission", "pk": 7, "fields": {"name": "Can add group", "content_type": 3, "codename": "add_group"}}, {"model": "auth.permission", "pk": 8, "fields": {"name": "Can change group", "content_type": 3, "codename": "change_group"}}, {"model": "auth.permission", "pk": 9, "fields": {"name": "Can delete group", "content_type": 3, "codename": "delete_group"}}, {"model": "auth.permission", "pk": 10, "fields": {"name": "Can add user", "content_type": 4, "codename": "add_user"}}, {"model": "auth.permission", "pk": 11, "fields": {"name": "Can change user", "content_type": 4, "codename": "change_user"}}, {"model": "auth.permission", "pk": 12, "fields": {"name": "Can delete user", "content_type": 4, "codename": "delete_user"}}, {"model": "auth.permission", "pk": 13, "fields": {"name": "Can add content type", "content_type": 5, "codename": "add_contenttype"}}, {"model": "auth.permission", "pk": 14, "fields": {"name": "Can change content type", "content_type": 5, "codename": "change_contenttype"}}, {"model": "auth.permission", "pk": 15, "fields": {"name": "Can delete content type", "content_type": 5, "codename": "delete_contenttype"}}, {"model": "auth.permission", "pk": 16, "fields": {"name": "Can add session", "content_type": 6, "codename": "add_session"}}, {"model": "auth.permission", "pk": 17, "fields": {"name": "Can change session", "content_type": 6, "codename": "change_session"}}, {"model": "auth.permission", "pk": 18, "fields": {"name": "Can delete session", "content_type": 6, "codename": "delete_session"}}, {"model": "auth.permission", "pk": 19, "fields": {"name": "Can add site", "content_type": 7, "codename": "add_site"}}, {"model": "auth.permission", "pk": 20, "fields": {"name": "Can change site", "content_type": 7, "codename": "change_site"}}, {"model": "auth.permission", "pk": 21, "fields": {"name": "Can delete site", "content_type": 7, "codename": "delete_site"}}, {"model": "auth.permission", "pk": 22, "fields": {"name": "Can add category", "content_type": 8, "codename": "add_category"}}, {"model": "auth.permission", "pk": 23, "fields": {"name": "Can change category", "content_type": 8, "codename": "change_category"}}, {"model": "auth.permission", "pk": 24, "fields": {"name": "Can delete category", "content_type": 8, "codename": "delete_category"}}, {"model": "auth.permission", "pk": 25, "fields": {"name": "Can add cake shape", "content_type": 9, "codename": "add_cakeshape"}}, {"model": "auth.permission", "pk": 26, "fields": {"name": "Can change cake shape", "content_type": 9, "codename": "change_cakeshape"}}, {"model": "auth.permission", "pk": 27, "fields": {"name": "Can delete cake shape", "content_type": 9, "codename": "delete_cakeshape"}}, {"model": "auth.permission", "pk": 28, "fields": {"name": "Can add cake flavor", "content_type": 10, "codename": "add_cakeflavor"}}, {"model": "auth.permission", "pk": 29, "fields": {"name": "Can change cake flavor", "content_type": 10, "codename": "change_cakeflavor"}}, {"model": "auth.permission", "pk": 30, "fields": {"name": "Can delete cake flavor", "content_type": 10, "codename": "delete_cakeflavor"}}, {"model": "auth.permission", "pk": 31, "fields": {"name": "Can add cake", "content_type": 11, "codename": "add_cake"}}, {"model": "auth.permission", "pk": 32, "fields": {"name": "Can change cake", "content_type": 11, "codename": "change_cake"}}, {"model": "auth.permission", "pk": 33, "fields": {"name": "Can delete cake", "content_type": 11, "codename": "delete_cake"}}, {"model": "auth.permission", "pk": 34, "fields": {"name": "Can add profile", "content_type": 12, "codename": "add_profile"}}, {"model": "auth.permission", "pk": 35, "fields": {"name": "Can change profile", "content_type": 12, "codename": "change_profile"}}, {"model": "auth.permission", "pk": 36, "fields": {"name": "Can delete profile", "content_type": 12, "codename": "delete_profile"}}, {"model": "auth.permission", "pk": 37, "fields": {"name": "Can add email address", "content_type": 13, "codename": "add_emailaddress"}}, {"model": "auth.permission", "pk": 38, "fields": {"name": "Can change email address", "content_type": 13, "codename": "change_emailaddress"}}, {"model": "auth.permission", "pk": 39, "fields": {"name": "Can delete email address", "content_type": 13, "codename": "delete_emailaddress"}}, {"model": "auth.permission", "pk": 40, "fields": {"name": "Can add email confirmation", "content_type": 14, "codename": "add_emailconfirmation"}}, {"model": "auth.permission", "pk": 41, "fields": {"name": "Can change email confirmation", "content_type": 14, "codename": "change_emailconfirmation"}}, {"model": "auth.permission", "pk": 42, "fields": {"name": "Can delete email confirmation", "content_type": 14, "codename": "delete_emailconfirmation"}}, {"model": "auth.permission", "pk": 43, "fields": {"name": "Can add social application", "content_type": 15, "codename": "add_socialapp"}}, {"model": "auth.permission", "pk": 44, "fields": {"name": "Can change social application", "content_type": 15, "codename": "change_socialapp"}}, {"model": "auth.permission", "pk": 45, "fields": {"name": "Can delete social application", "content_type": 15, "codename": "delete_socialapp"}}, {"model": "auth.permission", "pk": 46, "fields": {"name": "Can add social account", "content_type": 16, "codename": "add_socialaccount"}}, {"model": "auth.permission", "pk": 47, "fields": {"name": "Can change social account", "content_type": 16, "codename": "change_socialaccount"}}, {"model": "auth.permission", "pk": 48, "fields": {"name": "Can delete social account", "content_type": 16, "codename": "delete_socialaccount"}}, {"model": "auth.permission", "pk": 49, "fields": {"name": "Can add social application token", "content_type": 17, "codename": "add_socialtoken"}}, {"model": "auth.permission", "pk": 50, "fields": {"name": "Can change social application token", "content_type": 17, "codename": "change_socialtoken"}}, {"model": "auth.permission", "pk": 51, "fields": {"name": "Can delete social application token", "content_type": 17, "codename": "delete_socialtoken"}}, {"model": "auth.permission", "pk": 52, "fields": {"name": "Can add delivery location", "content_type": 18, "codename": "add_deliverylocation"}}, {"model": "auth.permission", "pk": 53, "fields": {"name": "Can change delivery location", "content_type": 18, "codename": "change_deliverylocation"}}, {"model": "auth.permission", "pk": 54, "fields": {"name": "Can delete delivery location", "content_type": 18, "codename": "delete_deliverylocation"}}, {"model": "auth.permission", "pk": 55, "fields": {"name": "Can add delivery receiver", "content_type": 19, "codename": "add_deliveryreceiver"}}, {"model": "auth.permission", "pk": 56, "fields": {"name": "Can change delivery receiver", "content_type": 19, "codename": "change_deliveryreceiver"}}, {"model": "auth.permission", "pk": 57, "fields": {"name": "Can delete delivery receiver", "content_type": 19, "codename": "delete_deliveryreceiver"}}, {"model": "auth.permission", "pk": 58, "fields": {"name": "Can add checkout", "content_type": 20, "codename": "add_checkout"}}, {"model": "auth.permission", "pk": 59, "fields": {"name": "Can change checkout", "content_type": 20, "codename": "change_checkout"}}, {"model": "auth.permission", "pk": 60, "fields": {"name": "Can delete checkout", "content_type": 20, "codename": "delete_checkout"}}, {"model": "auth.permission", "pk": 61, "fields": {"name": "Can add cart item", "content_type": 21, "codename": "add_cartitem"}}, {"model": "auth.permission", "pk": 62, "fields": {"name": "Can change cart item", "content_type": 21, "codename": "change_cartitem"}}, {"model": "auth.permission", "pk": 63, "fields": {"name": "Can delete cart item", "content_type": 21, "codename": "delete_cartitem"}}, {"model": "auth.user", "pk": 1, "fields": {"password": "pbkdf2_sha256$24000$v2yjcuyJR6m6$/YIIhys7VYDZX946en5RyC0ko3RqtUhWSGoh03j0zSs=", "last_login": "2017-01-23T10:53:00Z", "is_superuser": true, "username": "admin", "first_name": "", "last_name": "", "email": "", "is_staff": true, "is_active": true, "date_joined": "2017-01-23T10:52:45Z", "groups": [], "user_permissions": []}}, {"model": "auth.user", "pk": 2, "fields": {"password": "!ZkSojHoJauEwFt2VJaDlrWegh4TNnShzgYwwi2hz", "last_login": "2017-02-01T16:09:13Z", "is_superuser": false, "username": "sushil", "first_name": "Sushil", "last_name": "Shrestha", "email": "codegluttoners@gmail.com", "is_staff": false, "is_active": true, "date_joined": "2017-02-01T16:06:26Z", "groups": [], "user_permissions": []}}, {"model": "auth.user", "pk": 3, "fields": {"password": "pbkdf2_sha256$24000$gwwpATEFsJlM$QlDDRc7fzZBdTu/rYrN74qIp1Mfu/qEX+ZbvJYgJHOI=", "last_login": null, "is_superuser": true, "username": "mrcake", "first_name": "", "last_name": "", "email": "", "is_staff": true, "is_active": true, "date_joined": "2017-02-11T09:04:52Z", "groups": [], "user_permissions": []}}, {"model": "sessions.session", "pk": "kap2zuigurbq0zhha32u3mk27jspd2k0", "fields": {"session_data": "ZGUzODczZjk5ZDE5Y2NmODYzNzU1ZjU1NDllNzQ1N2Q0NmI0N2RhYTp7IlNob3BwaW5nQ2FydCI6Ilt7XCJ0b3RhbFByaWNlXCI6IDI0MDIuMCwgXCJ3ZWlnaHRcIjogMi4wLCBcImltYWdlXCI6IFwiL21lZGlhX3Jvb3QvY2FrZVBpY3MvMTI2LiUyMEZhdGhlcnMlMjBkYXklMjBzcGVjaWFsJTIwYmxhY2slMjBmb3Jlc3QlMjAxJTIwa2cuSlBHXCIsIFwic2hhcGVcIjogMywgXCJtZXNzYWdlX29uX2Nha2VcIjogXCJxd2VydHl1aW9wXCIsIFwiZmxhdm9yXCI6IDEsIFwiaWRcIjogMiwgXCJuYW1lXCI6IFwiMTI2LiBGYXRoZXJzIGRheSBzcGVjaWFsIGJsYWNrIGZvcmVzdCAxIGtnLkpQR1wiLCBcImNha2VfdHlwZVwiOiBcIkVnZ1wiLCBcImJhc2VQcmljZVwiOiAxMDUxLCBcInF1YW50aXR5XCI6IDF9XSIsIl9hdXRoX3VzZXJfaGFzaCI6IjQ3NDA5Y2E3MTY1ZDJkMjZmMjliNTI4NDk1Yzc3YzQ4MGZjOTg2MTAiLCJfYXV0aF91c2VyX2lkIjoiMiIsIl9hdXRoX3VzZXJfYmFja2VuZCI6ImFsbGF1dGguYWNjb3VudC5hdXRoX2JhY2tlbmRzLkF1dGhlbnRpY2F0aW9uQmFja2VuZCJ9", "expire_date": "2017-02-22T14:46:17Z"}}, {"model": "sites.site", "pk": 1, "fields": {"domain": "example.com", "name": "example.com"}}, {"model": "product.category", "pk": 1, "fields": {"name": "Birthday Cakes", "description": "Cakes for your birthdays!!!", "image": "/media_root/cakePics/78. Logo topping chocolate 3 lb.JPG"}}, {"model": "product.category", "pk": 2, "fields": {"name": "Anniversary & Wedding Cakes", "description": "Cakes for your Wedding and Anniversaries!!!", "image": "/media_root/cakePics/78. Logo topping chocolate 3 lb.JPG"}}, {"model": "product.category", "pk": 3, "fields": {"name": "Baby Shower Cakes", "description": "Cakes for functions of your baby!!!", "image": "/media_root/cakePics/78. Logo topping chocolate 3 lb.JPG"}}, {"model": "product.category", "pk": 4, "fields": {"name": "Corporate Cakes", "description": "Cakes for Corporate!!!", "image": "/media_root/cakePics/78. Logo topping chocolate 3 lb.JPG"}}, {"model": "product.category", "pk": 5, "fields": {"name": "Cup Cakes", "description": "Cup Cakes!!! Cup Cakes!!!", "image": "/media_root/cakePics/78. Logo topping chocolate 3 lb.JPG"}}, {"model": "product.category", "pk": 6, "fields": {"name": "Kids Cakes", "description": "Cakes for your kids!!!", "image": "/media_root/cakePics/78. Logo topping chocolate 3 lb.JPG"}}, {"model": "product.category", "pk": 7, "fields": {"name": "Romantic Cakes", "description": "Cakes for your beloved!!!", "image": "/media_root/cakePics/78. Logo topping chocolate 3 lb.JPG"}}, {"model": "product.category", "pk": 8, "fields": {"name": "Festive Cakes", "description": "Cakes for Festivals !!!", "image": "/media_root/cakePics/78. Logo topping chocolate 3 lb.JPG"}}, {"model": "product.category", "pk": 9, "fields": {"name": "Topping Cakes", "description": "Cakes with toppings !!!", "image": "/media_root/cakePics/78. Logo topping chocolate 3 lb.JPG"}}, {"model": "product.cakeshape", "pk": 1, "fields": {"name": "Circle", "additional_price_per_pound": 0}}, {"model": "product.cakeshape", "pk": 2, "fields": {"name": "Square", "additional_price_per_pound": 0}}, {"model": "product.cakeshape", "pk": 3, "fields": {"name": "Heart", "additional_price_per_pound": 50}}, {"model": "product.cakeflavor", "pk": 1, "fields": {"name": "Chocolate", "additional_price_per_pound": 100}}, {"model": "product.cakeflavor", "pk": 2, "fields": {"name": "Black Forest", "additional_price_per_pound": 0}}, {"model": "product.cakeflavor", "pk": 3, "fields": {"name": "White Forest", "additional_price_per_pound": 0}}, {"model": "product.cakeflavor", "pk": 4, "fields": {"name": "Butter Scotch", "additional_price_per_pound": 150}}, {"model": "product.cakeflavor", "pk": 5, "fields": {"name": "Blueberry Cheese", "additional_price_per_pound": 200}}, {"model": "product.cakeflavor", "pk": 6, "fields": {"name": "Blueberry Cream", "additional_price_per_pound": 150}}, {"model": "product.cakeflavor", "pk": 7, "fields": {"name": "Chocolate Truffle", "additional_price_per_pound": 200}}, {"model": "product.cakeflavor", "pk": 8, "fields": {"name": "Choco Mocca", "additional_price_per_pound": 200}}, {"model": "product.cakeflavor", "pk": 9, "fields": {"name": "Chocolate Vanilla", "additional_price_per_pound": 150}}, {"model": "product.cakeflavor", "pk": 10, "fields": {"name": "Red Velvet", "additional_price_per_pound": 200}}, {"model": "product.cakeflavor", "pk": 11, "fields": {"name": "Tiramisu", "additional_price_per_pound": 200}}, {"model": "product.cakeflavor", "pk": 12, "fields": {"name": "Vanilla", "additional_price_per_pound": 50}}, {"model": "product.cakeflavor", "pk": 13, "fields": {"name": "Strawberry", "additional_price_per_pound": 100}}, {"model": "product.cakeflavor", "pk": 14, "fields": {"name": "Mango", "additional_price_per_pound": 100}}, {"model": "product.cakeflavor", "pk": 15, "fields": {"name": "Fresh Fruit", "additional_price_per_pound": 150}}, {"model": "product.cakeflavor", "pk": 16, "fields": {"name": "Icecream", "additional_price_per_pound": 250}}, {"model": "product.cakeflavor", "pk": 17, "fields": {"name": "Nougatine", "additional_price_per_pound": 200}}, {"model": "product.cakeflavor", "pk": 18, "fields": {"name": "Wallnut Brownies", "additional_price_per_pound": 250}}, {"model": "product.cakeflavor", "pk": 19, "fields": {"name": "Choco Chips", "additional_price_per_pound": 150}}, {"model": "product.cakeflavor", "pk": 20, "fields": {"name": "Orange Yoghart", "additional_price_per_pound": 200}}, {"model": "product.cakeflavor", "pk": 21, "fields": {"name": "Mocca (Coffee)", "additional_price_per_pound": 150}}, {"model": "product.cakeflavor", "pk": 22, "fields": {"name": "Baked Cheese", "additional_price_per_pound": 250}}, {"model": "product.cakeflavor", "pk": 23, "fields": {"name": "Pineapple", "additional_price_per_pound": 100}}, {"model": "product.cakeflavor", "pk": 24, "fields": {"name": "Fruit Cream", "additional_price_per_pound": 200}}, {"model": "product.cake", "pk": 1, "fields": {"name": "78. Logo topping chocolate 3 lb.JPG", "price": 1060, "minsize": 2, "brand": "Chefs Bakery", "image": "/media_root/cakePics/78. Logo topping chocolate 3 lb.JPG", "category": 1, "created_on": "2017-01-23", "flavor": [1, 2, 3, 4, 5, 6, 7, 8, 9, 10, 11, 12, 13, 14, 15, 16, 17, 18, 19, 20, 21, 22, 23, 24], "shape": [1, 2, 3]}}, {"model": "product.cake", "pk": 2, "fields": {"name": "126. Fathers day special black forest 1 kg.JPG", "price": 1051, "minsize": 2, "brand": "Chefs Bakery", "image": "/media_root/cakePics/126. Fathers day special black forest 1 kg.JPG", "category": 1, "created_on": "2017-01-23", "flavor": [1, 2, 3, 4, 5, 6, 7, 8, 9, 10, 11, 12, 13, 14, 15, 16, 17, 18, 19, 20, 21, 22, 23, 24], "shape": [1, 2, 3]}}, {"model": "product.cake", "pk": 3, "fields": {"name": "76. xmas special  2 lb.JPG", "price": 1047, "minsize": 2, "brand": "Chefs Bakery", "image": "/media_root/cakePics/76. xmas special  2 lb.JPG", "category": 2, "created_on": "2017-01-23", "flavor": [1, 2, 3, 4, 5, 6, 7, 8, 9, 10, 11, 12, 13, 14, 15, 16, 17, 18, 19, 20, 21, 22, 23, 24], "shape": [1, 2, 3]}}, {"model": "product.cake", "pk": 4, "fields": {"name": "7. Heart  shaped  Pineapple   2 Lb.jpg", "price": 1114, "minsize": 2, "brand": "Chefs Bakery", "image": "/media_root/cakePics/7. Heart  shaped  Pineapple   2 Lb.jpg", "category": 9, "created_on": "2017-01-23", "flavor": [1, 2, 3, 4, 5, 6, 7, 8, 9, 10, 11, 12, 13, 14, 15, 16, 17, 18, 19, 20, 21, 22, 23, 24], "shape": [1, 2, 3]}}, {"model": "product.cake", "pk": 5, "fields": {"name": "159.Butter scotch 1 pound.jpg", "price": 1029, "minsize": 2, "brand": "Chefs Bakery", "image": "/media_root/cakePics/159.Butter scotch 1 pound.jpg", "category": 4, "created_on": "2017-01-23", "flavor": [1, 2, 3, 4, 5, 6, 7, 8, 9, 10, 11, 12, 13, 14, 15, 16, 17, 18, 19, 20, 21, 22, 23, 24], "shape": [1, 2, 3]}}, {"model": "product.cake", "pk": 6, "fields": {"name": "137. Numeric cake 7 kg.JPG", "price": 1045, "minsize": 2, "brand": "Chefs Bakery", "image": "/media_root/cakePics/137. Numeric cake 7 kg.JPG", "category": 8, "created_on": "2017-01-23", "flavor": [1, 2, 3, 4, 5, 6, 7, 8, 9, 10, 11, 12, 13, 14, 15, 16, 17, 18, 19, 20, 21, 22, 23, 24], "shape": [1, 2, 3]}}, {"model": "product.cake", "pk": 7, "fields": {"name": "34. Black forest  2 lb.JPG", "price": 1049, "minsize": 2, "brand": "Chefs Bakery", "image": "/media_root/cakePics/34. Black forest  2 lb.JPG", "category": 7, "created_on": "2017-01-23", "flavor": [1, 2, 3, 4, 5, 6, 7, 8, 9, 10, 11, 12, 13, 14, 15, 16, 17, 18, 19, 20, 21, 22, 23, 24], "shape": [1, 2, 3]}}, {"model": "product.cake", "pk": 8, "fields": {"name": "153. Star  chocolate cake 3 kg.JPG", "price": 1104, "minsize": 2, "brand": "Chefs Bakery", "image": "/media_root/cakePics/153. Star  chocolate cake 3 kg.JPG", "category": 3, "created_on": "2017-01-23", "flavor": [1, 2, 3, 4, 5, 6, 7, 8, 9, 10, 11, 12, 13, 14, 15, 16, 17, 18, 19, 20, 21, 22, 23, 24], "shape": [1, 2, 3]}}, {"model": "product.cake", "pk": 9, "fields": {"name": "104. Baby shawer blue berry cream   6 Lb.JPG", "price": 1063, "minsize": 2, "brand": "Chefs Bakery", "image": "/media_root/cakePics/104. Baby shawer blue berry cream   6 Lb.JPG", "category": 6, "created_on": "2017-01-23", "flavor": [1, 2, 3, 4, 5, 6, 7, 8, 9, 10, 11, 12, 13, 14, 15, 16, 17, 18, 19, 20, 21, 22, 23, 24], "shape": [1, 2, 3]}}, {"model": "product.cake", "pk": 10, "fields": {"name": "36 Cup cake  Min order 20 Nos.JPG", "price": 1051, "minsize": 2, "brand": "Chefs Bakery", "image": "/media_root/cakePics/36 Cup cake  Min order 20 Nos.JPG", "category": 3, "created_on": "2017-01-23", "flavor": [1, 2, 3, 4, 5, 6, 7, 8, 9, 10, 11, 12, 13, 14, 15, 16, 17, 18, 19, 20, 21, 22, 23, 24], "shape": [1, 2, 3]}}, {"model": "product.cake", "pk": 11, "fields": {"name": "120 Tiramisu 2 kg.JPG", "price": 1069, "minsize": 2, "brand": "Chefs Bakery", "image": "/media_root/cakePics/120 Tiramisu 2 kg.JPG", "category": 6, "created_on": "2017-01-23", "flavor": [1, 2, 3, 4, 5, 6, 7, 8, 9, 10, 11, 12, 13, 14, 15, 16, 17, 18, 19, 20, 21, 22, 23, 24], "shape": [1, 2, 3]}}, {"model": "product.cake", "pk": 12, "fields": {"name": "101. strawberry heart  2 lb.JPG", "price": 1059, "minsize": 2, "brand": "Chefs Bakery", "image": "/media_root/cakePics/101. strawberry heart  2 lb.JPG", "category": 3, "created_on": "2017-01-23", "flavor": [1, 2, 3, 4, 5, 6, 7, 8, 9, 10, 11, 12, 13, 14, 15, 16, 17, 18, 19, 20, 21, 22, 23, 24], "shape": [1, 2, 3]}}, {"model": "product.cake", "pk": 13, "fields": {"name": "106. Bat design   black forest  6 Lb.JPG", "price": 1026, "minsize": 2, "brand": "Chefs Bakery", "image": "/media_root/cakePics/106. Bat design   black forest  6 Lb.JPG", "category": 9, "created_on": "2017-01-23", "flavor": [1, 2, 3, 4, 5, 6, 7, 8, 9, 10, 11, 12, 13, 14, 15, 16, 17, 18, 19, 20, 21, 22, 23, 24], "shape": [1, 2, 3]}}, {"model": "product.cake", "pk": 14, "fields": {"name": "88. Double heart wedding cake 6 lb.JPG", "price": 1080, "minsize": 2, "brand": "Chefs Bakery", "image": "/media_root/cakePics/88. Double heart wedding cake 6 lb.JPG", "category": 8, "created_on": "2017-01-23", "flavor": [1, 2, 3, 4, 5, 6, 7, 8, 9, 10, 11, 12, 13, 14, 15, 16, 17, 18, 19, 20, 21, 22, 23, 24], "shape": [1, 2, 3]}}, {"model": "product.cake", "pk": 15, "fields": {"name": "93. wedding cake 12 lb.JPG", "price": 1052, "minsize": 2, "brand": "Chefs Bakery", "image": "/media_root/cakePics/93. wedding cake 12 lb.JPG", "category": 7, "created_on": "2017-01-23", "flavor": [1, 2, 3, 4, 5, 6, 7, 8, 9, 10, 11, 12, 13, 14, 15, 16, 17, 18, 19, 20, 21, 22, 23, 24], "shape": [1, 2, 3]}}, {"model": "product.cake", "pk": 16, "fields": {"name": "71 Wedding cake  12 lb.JPG", "price": 1083, "minsize": 2, "brand": "Chefs Bakery", "image": "/media_root/cakePics/71 Wedding cake  12 lb.JPG", "category": 8, "created_on": "2017-01-23", "flavor": [1, 2, 3, 4, 5, 6, 7, 8, 9, 10, 11, 12, 13, 14, 15, 16, 17, 18, 19, 20, 21, 22, 23, 24], "shape": [1, 2, 3]}}, {"model": "product.cake", "pk": 17, "fields": {"name": "23. Choco mocca  2 Lb.jpg", "price": 1058, "minsize": 2, "brand": "Chefs Bakery", "image": "/media_root/cakePics/23. Choco mocca  2 Lb.jpg", "category": 7, "created_on": "2017-01-23", "flavor": [1, 2, 3, 4, 5, 6, 7, 8, 9, 10, 11, 12, 13, 14, 15, 16, 17, 18, 19, 20, 21, 22, 23, 24], "shape": [1, 2, 3]}}, {"model": "product.cake", "pk": 18, "fields": {"name": "150. Music lovers tabala 3 lb.jpg", "price": 1101, "minsize": 2, "brand": "Chefs Bakery", "image": "/media_root/cakePics/150. Music lovers tabala 3 lb.jpg", "category": 9, "created_on": "2017-01-23", "flavor": [1, 2, 3, 4, 5, 6, 7, 8, 9, 10, 11, 12, 13, 14, 15, 16, 17, 18, 19, 20, 21, 22, 23, 24], "shape": [1, 2, 3]}}, {"model": "product.cake", "pk": 19, "fields": {"name": "55. Barcilona  topping 3 lb.JPG", "price": 1103, "minsize": 2, "brand": "Chefs Bakery", "image": "/media_root/cakePics/55. Barcilona  topping 3 lb.JPG", "category": 9, "created_on": "2017-01-23", "flavor": [1, 2, 3, 4, 5, 6, 7, 8, 9, 10, 11, 12, 13, 14, 15, 16, 17, 18, 19, 20, 21, 22, 23, 24], "shape": [1, 2, 3]}}, {"model": "product.cake", "pk": 20, "fields": {"name": "113. Double decor black forest  8 Lb.JPG", "price": 1075, "minsize": 2, "brand": "Chefs Bakery", "image": "/media_root/cakePics/113. Double decor black forest  8 Lb.JPG", "category": 5, "created_on": "2017-01-23", "flavor": [1, 2, 3, 4, 5, 6, 7, 8, 9, 10, 11, 12, 13, 14, 15, 16, 17, 18, 19, 20, 21, 22, 23, 24], "shape": [1, 2, 3]}}, {"model": "product.cake", "pk": 21, "fields": {"name": "155. wedding cake 6 kg.JPG", "price": 1038, "minsize": 2, "brand": "Chefs Bakery", "image": "/media_root/cakePics/155. wedding cake 6 kg.JPG", "category": 4, "created_on": "2017-01-23", "flavor": [1, 2, 3, 4, 5, 6, 7, 8, 9, 10, 11, 12, 13, 14, 15, 16, 17, 18, 19, 20, 21, 22, 23, 24], "shape": [1, 2, 3]}}, {"model": "product.cake", "pk": 22, "fields": {"name": "62.  Special Vanilla cake 3 lb.JPG", "price": 1056, "minsize": 2, "brand": "Chefs Bakery", "image": "/media_root/cakePics/62.  Special Vanilla cake 3 lb.JPG", "category": 9, "created_on": "2017-01-23", "flavor": [1, 2, 3, 4, 5, 6, 7, 8, 9, 10, 11, 12, 13, 14, 15, 16, 17, 18, 19, 20, 21, 22, 23, 24], "shape": [1, 2, 3]}}, {"model": "product.cake", "pk": 23, "fields": {"name": "157. White forest 1kg ..jpg", "price": 1009, "minsize": 2, "brand": "Chefs Bakery", "image": "/media_root/cakePics/157. White forest 1kg ..jpg", "category": 5, "created_on": "2017-01-23", "flavor": [1, 2, 3, 4, 5, 6, 7, 8, 9, 10, 11, 12, 13, 14, 15, 16, 17, 18, 19, 20, 21, 22, 23, 24], "shape": [1, 2, 3]}}, {"model": "product.cake", "pk": 24, "fields": {"name": "37. Choco Vanilla 2 lb.JPG", "price": 1104, "minsize": 2, "brand": "Chefs Bakery", "image": "/media_root/cakePics/37. Choco Vanilla 2 lb.JPG", "category": 2, "created_on": "2017-01-23", "flavor": [1, 2, 3, 4, 5, 6, 7, 8, 9, 10, 11, 12, 13, 14, 15, 16, 17, 18, 19, 20, 21, 22, 23, 24], "shape": [1, 2, 3]}}, {"model": "product.cake", "pk": 25, "fields": {"name": "91. wedding cake 10 lb.JPG", "price": 1087, "minsize": 2, "brand": "Chefs Bakery", "image": "/media_root/cakePics/91. wedding cake 10 lb.JPG", "category": 3, "created_on": "2017-01-23", "flavor": [1, 2, 3, 4, 5, 6, 7, 8, 9, 10, 11, 12, 13, 14, 15, 16, 17, 18, 19, 20, 21, 22, 23, 24], "shape": [1, 2, 3]}}, {"model": "product.cake", "pk": 26, "fields": {"name": "32. Double decor Blue berry cheese cake 4 lb.jpg", "price": 1103, "minsize": 2, "brand": "Chefs Bakery", "image": "/media_root/cakePics/32. Double decor Blue berry cheese cake 4 lb.jpg", "category": 9, "created_on": "2017-01-23", "flavor": [1, 2, 3, 4, 5, 6, 7, 8, 9, 10, 11, 12, 13, 14, 15, 16, 17, 18, 19, 20, 21, 22, 23, 24], "shape": [1, 2, 3]}}, {"model": "product.cake", "pk": 27, "fields": {"name": "141. Hello Kitty 2 kg sqr.JPG", "price": 1137, "minsize": 2, "brand": "Chefs Bakery", "image": "/media_root/cakePics/141. Hello Kitty 2 kg sqr.JPG", "category": 5, "created_on": "2017-01-23", "flavor": [1, 2, 3, 4, 5, 6, 7, 8, 9, 10, 11, 12, 13, 14, 15, 16, 17, 18, 19, 20, 21, 22, 23, 24], "shape": [1, 2, 3]}}, {"model": "product.cake", "pk": 28, "fields": {"name": "130. double decor wedding cake 4 kg.JPG", "price": 1074, "minsize": 2, "brand": "Chefs Bakery", "image": "/media_root/cakePics/130. double decor wedding cake 4 kg.JPG", "category": 5, "created_on": "2017-01-23", "flavor": [1, 2, 3, 4, 5, 6, 7, 8, 9, 10, 11, 12, 13, 14, 15, 16, 17, 18, 19, 20, 21, 22, 23, 24], "shape": [1, 2, 3]}}, {"model": "product.cake", "pk": 29, "fields": {"name": "41 Butter Scotch.JPG", "price": 1105, "minsize": 2, "brand": "Chefs Bakery", "image": "/media_root/cakePics/41 Butter Scotch.JPG", "category": 7, "created_on": "2017-01-23", "flavor": [1, 2, 3, 4, 5, 6, 7, 8, 9, 10, 11, 12, 13, 14, 15, 16, 17, 18, 19, 20, 21, 22, 23, 24], "shape": [1, 2, 3]}}, {"model": "product.cake", "pk": 30, "fields": {"name": "83. Wedding cake  tripple decore  12 pound.JPG", "price": 1003, "minsize": 2, "brand": "Chefs Bakery", "image": "/media_root/cakePics/83. Wedding cake  tripple decore  12 pound.JPG", "category": 3, "created_on": "2017-01-23", "flavor": [1, 2, 3, 4, 5, 6, 7, 8, 9, 10, 11, 12, 13, 14, 15, 16, 17, 18, 19, 20, 21, 22, 23, 24], "shape": [1, 2, 3]}}, {"model": "product.cake", "pk": 31, "fields": {"name": "31. Vanilla  cake  2 Lb.jpg", "price": 1037, "minsize": 2, "brand": "Chefs Bakery", "image": "/media_root/cakePics/31. Vanilla  cake  2 Lb.jpg", "category": 7, "created_on": "2017-01-23", "flavor": [1, 2, 3, 4, 5, 6, 7, 8, 9, 10, 11, 12, 13, 14, 15, 16, 17, 18, 19, 20, 21, 22, 23, 24], "shape": [1, 2, 3]}}, {"model": "product.cake", "pk": 32, "fields": {"name": "154. vanilla welcome home 1 kg.jpg", "price": 1082, "minsize": 2, "brand": "Chefs Bakery", "image": "/media_root/cakePics/154. vanilla welcome home 1 kg.jpg", "category": 8, "created_on": "2017-01-23", "flavor": [1, 2, 3, 4, 5, 6, 7, 8, 9, 10, 11, 12, 13, 14, 15, 16, 17, 18, 19, 20, 21, 22, 23, 24], "shape": [1, 2, 3]}}, {"model": "product.cake", "pk": 33, "fields": {"name": "52.Special Trullle 3 lb.JPG", "price": 1055, "minsize": 2, "brand": "Chefs Bakery", "image": "/media_root/cakePics/52.Special Trullle 3 lb.JPG", "category": 9, "created_on": "2017-01-23", "flavor": [1, 2, 3, 4, 5, 6, 7, 8, 9, 10, 11, 12, 13, 14, 15, 16, 17, 18, 19, 20, 21, 22, 23, 24], "shape": [1, 2, 3]}}, {"model": "product.cake", "pk": 34, "fields": {"name": "68. Wedding cake 10 lb.JPG", "price": 1146, "minsize": 2, "brand": "Chefs Bakery", "image": "/media_root/cakePics/68. Wedding cake 10 lb.JPG", "category": 4, "created_on": "2017-01-23", "flavor": [1, 2, 3, 4, 5, 6, 7, 8, 9, 10, 11, 12, 13, 14, 15, 16, 17, 18, 19, 20, 21, 22, 23, 24], "shape": [1, 2, 3]}}, {"model": "product.cake", "pk": 35, "fields": {"name": "56. Ice cream cake 2 lb.jpg", "price": 1030, "minsize": 2, "brand": "Chefs Bakery", "image": "/media_root/cakePics/56. Ice cream cake 2 lb.jpg", "category": 2, "created_on": "2017-01-23", "flavor": [1, 2, 3, 4, 5, 6, 7, 8, 9, 10, 11, 12, 13, 14, 15, 16, 17, 18, 19, 20, 21, 22, 23, 24], "shape": [1, 2, 3]}}, {"model": "product.cake", "pk": 36, "fields": {"name": "89. barbie dall 6 lb.JPG", "price": 1082, "minsize": 2, "brand": "Chefs Bakery", "image": "/media_root/cakePics/89. barbie dall 6 lb.JPG", "category": 2, "created_on": "2017-01-23", "flavor": [1, 2, 3, 4, 5, 6, 7, 8, 9, 10, 11, 12, 13, 14, 15, 16, 17, 18, 19, 20, 21, 22, 23, 24], "shape": [1, 2, 3]}}, {"model": "product.cake", "pk": 37, "fields": {"name": "80. Fresh fruit cream  cake 2 lb.JPG", "price": 1035, "minsize": 2, "brand": "Chefs Bakery", "image": "/media_root/cakePics/80. Fresh fruit cream  cake 2 lb.JPG", "category": 6, "created_on": "2017-01-23", "flavor": [1, 2, 3, 4, 5, 6, 7, 8, 9, 10, 11, 12, 13, 14, 15, 16, 17, 18, 19, 20, 21, 22, 23, 24], "shape": [1, 2, 3]}}, {"model": "product.cake", "pk": 38, "fields": {"name": "6. Smiley Topping Black forest 2 lb.jpg", "price": 1086, "minsize": 2, "brand": "Chefs Bakery", "image": "/media_root/cakePics/6. Smiley Topping Black forest 2 lb.jpg", "category": 6, "created_on": "2017-01-23", "flavor": [1, 2, 3, 4, 5, 6, 7, 8, 9, 10, 11, 12, 13, 14, 15, 16, 17, 18, 19, 20, 21, 22, 23, 24], "shape": [1, 2, 3]}}, {"model": "product.cake", "pk": 39, "fields": {"name": "97. White forest cake 2 lb.JPG", "price": 1080, "minsize": 2, "brand": "Chefs Bakery", "image": "/media_root/cakePics/97. White forest cake 2 lb.JPG", "category": 2, "created_on": "2017-01-23", "flavor": [1, 2, 3, 4, 5, 6, 7, 8, 9, 10, 11, 12, 13, 14, 15, 16, 17, 18, 19, 20, 21, 22, 23, 24], "shape": [1, 2, 3]}}, {"model": "product.cake", "pk": 40, "fields": {"name": "105. Wedding cake 8 kg.JPG", "price": 1061, "minsize": 2, "brand": "Chefs Bakery", "image": "/media_root/cakePics/105. Wedding cake 8 kg.JPG", "category": 6, "created_on": "2017-01-23", "flavor": [1, 2, 3, 4, 5, 6, 7, 8, 9, 10, 11, 12, 13, 14, 15, 16, 17, 18, 19, 20, 21, 22, 23, 24], "shape": [1, 2, 3]}}, {"model": "product.cake", "pk": 41, "fields": {"name": "99. Special vanilla heart  1 kg.JPG", "price": 1031, "minsize": 2, "brand": "Chefs Bakery", "image": "/media_root/cakePics/99. Special vanilla heart  1 kg.JPG", "category": 7, "created_on": "2017-01-23", "flavor": [1, 2, 3, 4, 5, 6, 7, 8, 9, 10, 11, 12, 13, 14, 15, 16, 17, 18, 19, 20, 21, 22, 23, 24], "shape": [1, 2, 3]}}, {"model": "product.cake", "pk": 42, "fields": {"name": "44. Dashain Special Chocolate  6 Lb.JPG", "price": 1109, "minsize": 2, "brand": "Chefs Bakery", "image": "/media_root/cakePics/44. Dashain Special Chocolate  6 Lb.JPG", "category": 1, "created_on": "2017-01-23", "flavor": [1, 2, 3, 4, 5, 6, 7, 8, 9, 10, 11, 12, 13, 14, 15, 16, 17, 18, 19, 20, 21, 22, 23, 24], "shape": [1, 2, 3]}}, {"model": "product.cake", "pk": 43, "fields": {"name": "131. Vanilla yule log  2 kg.JPG", "price": 1115, "minsize": 2, "brand": "Chefs Bakery", "image": "/media_root/cakePics/131. Vanilla yule log  2 kg.JPG", "category": 3, "created_on": "2017-01-23", "flavor": [1, 2, 3, 4, 5, 6, 7, 8, 9, 10, 11, 12, 13, 14, 15, 16, 17, 18, 19, 20, 21, 22, 23, 24], "shape": [1, 2, 3]}}, {"model": "product.cake", "pk": 44, "fields": {"name": "8. Heart shaped  Bf  2 lb.jpg", "price": 1148, "minsize": 2, "brand": "Chefs Bakery", "image": "/media_root/cakePics/8. Heart shaped  Bf  2 lb.jpg", "category": 8, "created_on": "2017-01-23", "flavor": [1, 2, 3, 4, 5, 6, 7, 8, 9, 10, 11, 12, 13, 14, 15, 16, 17, 18, 19, 20, 21, 22, 23, 24], "shape": [1, 2, 3]}}, {"model": "product.cake", "pk": 45, "fields": {"name": "27. Heart Shaped Chocolate Cake  2 Lb.JPG", "price": 1091, "minsize": 2, "brand": "Chefs Bakery", "image": "/media_root/cakePics/27. Heart Shaped Chocolate Cake  2 Lb.JPG", "category": 5, "created_on": "2017-01-23", "flavor": [1, 2, 3, 4, 5, 6, 7, 8, 9, 10, 11, 12, 13, 14, 15, 16, 17, 18, 19, 20, 21, 22, 23, 24], "shape": [1, 2, 3]}}, {"model": "product.cake", "pk": 46, "fields": {"name": "147. Mac topping 1 kg.jpg", "price": 1121, "minsize": 2, "brand": "Chefs Bakery", "image": "/media_root/cakePics/147. Mac topping 1 kg.jpg", "category": 8, "created_on": "2017-01-23", "flavor": [1, 2, 3, 4, 5, 6, 7, 8, 9, 10, 11, 12, 13, 14, 15, 16, 17, 18, 19, 20, 21, 22, 23, 24], "shape": [1, 2, 3]}}, {"model": "product.cake", "pk": 47, "fields": {"name": "145. Hello Kirry 3 lb.JPG", "price": 1028, "minsize": 2, "brand": "Chefs Bakery", "image": "/media_root/cakePics/145. Hello Kirry 3 lb.JPG", "category": 2, "created_on": "2017-01-23", "flavor": [1, 2, 3, 4, 5, 6, 7, 8, 9, 10, 11, 12, 13, 14, 15, 16, 17, 18, 19, 20, 21, 22, 23, 24], "shape": [1, 2, 3]}}, {"model": "product.cake", "pk": 48, "fields": {"name": "21. Special custome designed  3 Lbb.JPG", "price": 1066, "minsize": 2, "brand": "Chefs Bakery", "image": "/media_root/cakePics/21. Special custome designed  3 Lbb.JPG", "category": 5, "created_on": "2017-01-23", "flavor": [1, 2, 3, 4, 5, 6, 7, 8, 9, 10, 11, 12, 13, 14, 15, 16, 17, 18, 19, 20, 21, 22, 23, 24], "shape": [1, 2, 3]}}, {"model": "product.cake", "pk": 49, "fields": {"name": "73. Heart  shaped  white forest  2 lb.JPG", "price": 1036, "minsize": 2, "brand": "Chefs Bakery", "image": "/media_root/cakePics/73. Heart  shaped  white forest  2 lb.JPG", "category": 2, "created_on": "2017-01-23", "flavor": [1, 2, 3, 4, 5, 6, 7, 8, 9, 10, 11, 12, 13, 14, 15, 16, 17, 18, 19, 20, 21, 22, 23, 24], "shape": [1, 2, 3]}}, {"model": "product.cake", "pk": 50, "fields": {"name": "103. Double decor black forest  6 Lb.JPG", "price": 1045, "minsize": 2, "brand": "Chefs Bakery", "image": "/media_root/cakePics/103. Double decor black forest  6 Lb.JPG", "category": 3, "created_on": "2017-01-23", "flavor": [1, 2, 3, 4, 5, 6, 7, 8, 9, 10, 11, 12, 13, 14, 15, 16, 17, 18, 19, 20, 21, 22, 23, 24], "shape": [1, 2, 3]}}, {"model": "product.cake", "pk": 51, "fields": {"name": "140. Yule log  2 kg.JPG", "price": 1103, "minsize": 2, "brand": "Chefs Bakery", "image": "/media_root/cakePics/140. Yule log  2 kg.JPG", "category": 6, "created_on": "2017-01-23", "flavor": [1, 2, 3, 4, 5, 6, 7, 8, 9, 10, 11, 12, 13, 14, 15, 16, 17, 18, 19, 20, 21, 22, 23, 24], "shape": [1, 2, 3]}}, {"model": "product.cake", "pk": 52, "fields": {"name": "149. Naruto topping 1 kg.JPG", "price": 1124, "minsize": 2, "brand": "Chefs Bakery", "image": "/media_root/cakePics/149. Naruto topping 1 kg.JPG", "category": 2, "created_on": "2017-01-23", "flavor": [1, 2, 3, 4, 5, 6, 7, 8, 9, 10, 11, 12, 13, 14, 15, 16, 17, 18, 19, 20, 21, 22, 23, 24], "shape": [1, 2, 3]}}, {"model": "product.cake", "pk": 53, "fields": {"name": "118. Arsenal black forest 3 LB.JPG", "price": 1093, "minsize": 2, "brand": "Chefs Bakery", "image": "/media_root/cakePics/118. Arsenal black forest 3 LB.JPG", "category": 3, "created_on": "2017-01-23", "flavor": [1, 2, 3, 4, 5, 6, 7, 8, 9, 10, 11, 12, 13, 14, 15, 16, 17, 18, 19, 20, 21, 22, 23, 24], "shape": [1, 2, 3]}}, {"model": "product.cake", "pk": 54, "fields": {"name": "45. Cylendra topping  6 Lb.JPG", "price": 1089, "minsize": 2, "brand": "Chefs Bakery", "image": "/media_root/cakePics/45. Cylendra topping  6 Lb.JPG", "category": 3, "created_on": "2017-01-23", "flavor": [1, 2, 3, 4, 5, 6, 7, 8, 9, 10, 11, 12, 13, 14, 15, 16, 17, 18, 19, 20, 21, 22, 23, 24], "shape": [1, 2, 3]}}, {"model": "product.cake", "pk": 55, "fields": {"name": "94. Wedding cake 20 lb.JPG", "price": 1114, "minsize": 2, "brand": "Chefs Bakery", "image": "/media_root/cakePics/94. Wedding cake 20 lb.JPG", "category": 3, "created_on": "2017-01-23", "flavor": [1, 2, 3, 4, 5, 6, 7, 8, 9, 10, 11, 12, 13, 14, 15, 16, 17, 18, 19, 20, 21, 22, 23, 24], "shape": [1, 2, 3]}}, {"model": "product.cake", "pk": 56, "fields": {"name": "151. Music lovers piyano 3 lb.jpg", "price": 1019, "minsize": 2, "brand": "Chefs Bakery", "image": "/media_root/cakePics/151. Music lovers piyano 3 lb.jpg", "category": 9, "created_on": "2017-01-23", "flavor": [1, 2, 3, 4, 5, 6, 7, 8, 9, 10, 11, 12, 13, 14, 15, 16, 17, 18, 19, 20, 21, 22, 23, 24], "shape": [1, 2, 3]}}, {"model": "product.cake", "pk": 57, "fields": {"name": "46. Princess topping 6 Lb.JPG", "price": 1122, "minsize": 2, "brand": "Chefs Bakery", "image": "/media_root/cakePics/46. Princess topping 6 Lb.JPG", "category": 5, "created_on": "2017-01-23", "flavor": [1, 2, 3, 4, 5, 6, 7, 8, 9, 10, 11, 12, 13, 14, 15, 16, 17, 18, 19, 20, 21, 22, 23, 24], "shape": [1, 2, 3]}}, {"model": "product.cake", "pk": 58, "fields": {"name": "79. Special chocolate wallnuts brownies  2 lb.JPG", "price": 1048, "minsize": 2, "brand": "Chefs Bakery", "image": "/media_root/cakePics/79. Special chocolate wallnuts brownies  2 lb.JPG", "category": 4, "created_on": "2017-01-23", "flavor": [1, 2, 3, 4, 5, 6, 7, 8, 9, 10, 11, 12, 13, 14, 15, 16, 17, 18, 19, 20, 21, 22, 23, 24], "shape": [1, 2, 3]}}, {"model": "product.cake", "pk": 59, "fields": {"name": "160.Choco chips  1  pound.jpg", "price": 1108, "minsize": 2, "brand": "Chefs Bakery", "image": "/media_root/cakePics/160.Choco chips  1  pound.jpg", "category": 9, "created_on": "2017-01-23", "flavor": [1, 2, 3, 4, 5, 6, 7, 8, 9, 10, 11, 12, 13, 14, 15, 16, 17, 18, 19, 20, 21, 22, 23, 24], "shape": [1, 2, 3]}}, {"model": "product.cake", "pk": 60, "fields": {"name": "39 Custome design tripple decor  10 KG.JPG", "price": 1067, "minsize": 2, "brand": "Chefs Bakery", "image": "/media_root/cakePics/39 Custome design tripple decor  10 KG.JPG", "category": 5, "created_on": "2017-01-23", "flavor": [1, 2, 3, 4, 5, 6, 7, 8, 9, 10, 11, 12, 13, 14, 15, 16, 17, 18, 19, 20, 21, 22, 23, 24], "shape": [1, 2, 3]}}, {"model": "product.cake", "pk": 61, "fields": {"name": "138. Special chocolate  3  lb.JPG", "price": 1101, "minsize": 2, "brand": "Chefs Bakery", "image": "/media_root/cakePics/138. Special chocolate  3  lb.JPG", "category": 6, "created_on": "2017-01-23", "flavor": [1, 2, 3, 4, 5, 6, 7, 8, 9, 10, 11, 12, 13, 14, 15, 16, 17, 18, 19, 20, 21, 22, 23, 24], "shape": [1, 2, 3]}}, {"model": "product.cake", "pk": 62, "fields": {"name": "4.Agi _ Cacroch  black forest  2 lb.jpg", "price": 1100, "minsize": 2, "brand": "Chefs Bakery", "image": "/media_root/cakePics/4.Agi _ Cacroch  black forest  2 lb.jpg", "category": 3, "created_on": "2017-01-23", "flavor": [1, 2, 3, 4, 5, 6, 7, 8, 9, 10, 11, 12, 13, 14, 15, 16, 17, 18, 19, 20, 21, 22, 23, 24], "shape": [1, 2, 3]}}, {"model": "product.cake", "pk": 63, "fields": {"name": "107. One directio forest  3 LB.JPG", "price": 1149, "minsize": 2, "brand": "Chefs Bakery", "image": "/media_root/cakePics/107. One directio forest  3 LB.JPG", "category": 3, "created_on": "2017-01-23", "flavor": [1, 2, 3, 4, 5, 6, 7, 8, 9, 10, 11, 12, 13, 14, 15, 16, 17, 18, 19, 20, 21, 22, 23, 24], "shape": [1, 2, 3]}}, {"model": "product.cake", "pk": 64, "fields": {"name": "112. Special Pineapple  4 Lb.JPG", "price": 1131, "minsize": 2, "brand": "Chefs Bakery", "image": "/media_root/cakePics/112. Special Pineapple  4 Lb.JPG", "category": 8, "created_on": "2017-01-23", "flavor": [1, 2, 3, 4, 5, 6, 7, 8, 9, 10, 11, 12, 13, 14, 15, 16, 17, 18, 19, 20, 21, 22, 23, 24], "shape": [1, 2, 3]}}, {"model": "product.cake", "pk": 65, "fields": {"name": "42. Custome design Chocolate Ckae 3 lb.JPG", "price": 1011, "minsize": 2, "brand": "Chefs Bakery", "image": "/media_root/cakePics/42. Custome design Chocolate Ckae 3 lb.JPG", "category": 2, "created_on": "2017-01-23", "flavor": [1, 2, 3, 4, 5, 6, 7, 8, 9, 10, 11, 12, 13, 14, 15, 16, 17, 18, 19, 20, 21, 22, 23, 24], "shape": [1, 2, 3]}}, {"model": "product.cake", "pk": 66, "fields": {"name": "95. Tiramisu cake  2 lb.JPG", "price": 1147, "minsize": 2, "brand": "Chefs Bakery", "image": "/media_root/cakePics/95. Tiramisu cake  2 lb.JPG", "category": 1, "created_on": "2017-01-23", "flavor": [1, 2, 3, 4, 5, 6, 7, 8, 9, 10, 11, 12, 13, 14, 15, 16, 17, 18, 19, 20, 21, 22, 23, 24], "shape": [1, 2, 3]}}, {"model": "product.cake", "pk": 67, "fields": {"name": "20. Ben 10 topping  2 LB.jpg", "price": 1088, "minsize": 2, "brand": "Chefs Bakery", "image": "/media_root/cakePics/20. Ben 10 topping  2 LB.jpg", "category": 3, "created_on": "2017-01-23", "flavor": [1, 2, 3, 4, 5, 6, 7, 8, 9, 10, 11, 12, 13, 14, 15, 16, 17, 18, 19, 20, 21, 22, 23, 24], "shape": [1, 2, 3]}}, {"model": "product.cake", "pk": 68, "fields": {"name": "122. Party pastry 5 kg ++.JPG", "price": 1042, "minsize": 2, "brand": "Chefs Bakery", "image": "/media_root/cakePics/122. Party pastry 5 kg ++.JPG", "category": 9, "created_on": "2017-01-23", "flavor": [1, 2, 3, 4, 5, 6, 7, 8, 9, 10, 11, 12, 13, 14, 15, 16, 17, 18, 19, 20, 21, 22, 23, 24], "shape": [1, 2, 3]}}, {"model": "product.cake", "pk": 69, "fields": {"name": "156. yule log 1 kg.jpg", "price": 1093, "minsize": 2, "brand": "Chefs Bakery", "image": "/media_root/cakePics/156. yule log 1 kg.jpg", "category": 5, "created_on": "2017-01-23", "flavor": [1, 2, 3, 4, 5, 6, 7, 8, 9, 10, 11, 12, 13, 14, 15, 16, 17, 18, 19, 20, 21, 22, 23, 24], "shape": [1, 2, 3]}}, {"model": "product.cake", "pk": 70, "fields": {"name": "69. Hello kitty strawberry  2 lb.JPG", "price": 1021, "minsize": 2, "brand": "Chefs Bakery", "image": "/media_root/cakePics/69. Hello kitty strawberry  2 lb.JPG", "category": 5, "created_on": "2017-01-23", "flavor": [1, 2, 3, 4, 5, 6, 7, 8, 9, 10, 11, 12, 13, 14, 15, 16, 17, 18, 19, 20, 21, 22, 23, 24], "shape": [1, 2, 3]}}, {"model": "product.cake", "pk": 71, "fields": {"name": "133. Blue berry cheese cake 2 kg.JPG", "price": 1111, "minsize": 2, "brand": "Chefs Bakery", "image": "/media_root/cakePics/133. Blue berry cheese cake 2 kg.JPG", "category": 2, "created_on": "2017-01-23", "flavor": [1, 2, 3, 4, 5, 6, 7, 8, 9, 10, 11, 12, 13, 14, 15, 16, 17, 18, 19, 20, 21, 22, 23, 24], "shape": [1, 2, 3]}}, {"model": "product.cake", "pk": 72, "fields": {"name": "119. Super khurkui 3 kg.JPG", "price": 1137, "minsize": 2, "brand": "Chefs Bakery", "image": "/media_root/cakePics/119. Super khurkui 3 kg.JPG", "category": 3, "created_on": "2017-01-23", "flavor": [1, 2, 3, 4, 5, 6, 7, 8, 9, 10, 11, 12, 13, 14, 15, 16, 17, 18, 19, 20, 21, 22, 23, 24], "shape": [1, 2, 3]}}, {"model": "product.cake", "pk": 73, "fields": {"name": "38. Fathers day special butter scotch 2  LB.JPG", "price": 1096, "minsize": 2, "brand": "Chefs Bakery", "image": "/media_root/cakePics/38. Fathers day special butter scotch 2  LB.JPG", "category": 4, "created_on": "2017-01-23", "flavor": [1, 2, 3, 4, 5, 6, 7, 8, 9, 10, 11, 12, 13, 14, 15, 16, 17, 18, 19, 20, 21, 22, 23, 24], "shape": [1, 2, 3]}}, {"model": "product.cake", "pk": 74, "fields": {"name": "87.Motu patlu  black forest 4 lb.JPG", "price": 1117, "minsize": 2, "brand": "Chefs Bakery", "image": "/media_root/cakePics/87.Motu patlu  black forest 4 lb.JPG", "category": 2, "created_on": "2017-01-23", "flavor": [1, 2, 3, 4, 5, 6, 7, 8, 9, 10, 11, 12, 13, 14, 15, 16, 17, 18, 19, 20, 21, 22, 23, 24], "shape": [1, 2, 3]}}, {"model": "product.cake", "pk": 75, "fields": {"name": "33. Doremon cake 5 lb.JPG", "price": 1049, "minsize": 2, "brand": "Chefs Bakery", "image": "/media_root/cakePics/33. Doremon cake 5 lb.JPG", "category": 3, "created_on": "2017-01-23", "flavor": [1, 2, 3, 4, 5, 6, 7, 8, 9, 10, 11, 12, 13, 14, 15, 16, 17, 18, 19, 20, 21, 22, 23, 24], "shape": [1, 2, 3]}}, {"model": "product.cake", "pk": 76, "fields": {"name": "61. Face topping   3 Lb.JPG", "price": 1055, "minsize": 2, "brand": "Chefs Bakery", "image": "/media_root/cakePics/61. Face topping   3 Lb.JPG", "category": 4, "created_on": "2017-01-23", "flavor": [1, 2, 3, 4, 5, 6, 7, 8, 9, 10, 11, 12, 13, 14, 15, 16, 17, 18, 19, 20, 21, 22, 23, 24], "shape": [1, 2, 3]}}, {"model": "product.cake", "pk": 77, "fields": {"name": "111. Custome design cake  4 Lb.JPG", "price": 1003, "minsize": 2, "brand": "Chefs Bakery", "image": "/media_root/cakePics/111. Custome design cake  4 Lb.JPG", "category": 7, "created_on": "2017-01-23", "flavor": [1, 2, 3, 4, 5, 6, 7, 8, 9, 10, 11, 12, 13, 14, 15, 16, 17, 18, 19, 20, 21, 22, 23, 24], "shape": [1, 2, 3]}}, {"model": "product.cake", "pk": 78, "fields": {"name": "22. Chocolate  cake 2 lb.jpg", "price": 1079, "minsize": 2, "brand": "Chefs Bakery", "image": "/media_root/cakePics/22. Chocolate  cake 2 lb.jpg", "category": 8, "created_on": "2017-01-23", "flavor": [1, 2, 3, 4, 5, 6, 7, 8, 9, 10, 11, 12, 13, 14, 15, 16, 17, 18, 19, 20, 21, 22, 23, 24], "shape": [1, 2, 3]}}, {"model": "product.cake", "pk": 79, "fields": {"name": "86. Double story doremon 7 lb.JPG", "price": 1063, "minsize": 2, "brand": "Chefs Bakery", "image": "/media_root/cakePics/86. Double story doremon 7 lb.JPG", "category": 3, "created_on": "2017-01-23", "flavor": [1, 2, 3, 4, 5, 6, 7, 8, 9, 10, 11, 12, 13, 14, 15, 16, 17, 18, 19, 20, 21, 22, 23, 24], "shape": [1, 2, 3]}}, {"model": "product.cake", "pk": 80, "fields": {"name": "14. Numeric  W F 3 lb.jpg", "price": 1065, "minsize": 2, "brand": "Chefs Bakery", "image": "/media_root/cakePics/14. Numeric  W F 3 lb.jpg", "category": 9, "created_on": "2017-01-23", "flavor": [1, 2, 3, 4, 5, 6, 7, 8, 9, 10, 11, 12, 13, 14, 15, 16, 17, 18, 19, 20, 21, 22, 23, 24], "shape": [1, 2, 3]}}, {"model": "product.cake", "pk": 81, "fields": {"name": "90. Babt shawor  black forest 4 lb.JPG", "price": 1118, "minsize": 2, "brand": "Chefs Bakery", "image": "/media_root/cakePics/90. Babt shawor  black forest 4 lb.JPG", "category": 6, "created_on": "2017-01-23", "flavor": [1, 2, 3, 4, 5, 6, 7, 8, 9, 10, 11, 12, 13, 14, 15, 16, 17, 18, 19, 20, 21, 22, 23, 24], "shape": [1, 2, 3]}}, {"model": "product.cake", "pk": 82, "fields": {"name": "3.Motu  topping black forest  2 lb.jpg", "price": 1034, "minsize": 2, "brand": "Chefs Bakery", "image": "/media_root/cakePics/3.Motu  topping black forest  2 lb.jpg", "category": 8, "created_on": "2017-01-23", "flavor": [1, 2, 3, 4, 5, 6, 7, 8, 9, 10, 11, 12, 13, 14, 15, 16, 17, 18, 19, 20, 21, 22, 23, 24], "shape": [1, 2, 3]}}, {"model": "product.cake", "pk": 83, "fields": {"name": "136. Wedding cake 6 kg.JPG", "price": 1077, "minsize": 2, "brand": "Chefs Bakery", "image": "/media_root/cakePics/136. Wedding cake 6 kg.JPG", "category": 2, "created_on": "2017-01-23", "flavor": [1, 2, 3, 4, 5, 6, 7, 8, 9, 10, 11, 12, 13, 14, 15, 16, 17, 18, 19, 20, 21, 22, 23, 24], "shape": [1, 2, 3]}}, {"model": "product.cake", "pk": 84, "fields": {"name": "66. Face topping white forest 3 lb.JPG", "price": 1022, "minsize": 2, "brand": "Chefs Bakery", "image": "/media_root/cakePics/66. Face topping white forest 3 lb.JPG", "category": 4, "created_on": "2017-01-23", "flavor": [1, 2, 3, 4, 5, 6, 7, 8, 9, 10, 11, 12, 13, 14, 15, 16, 17, 18, 19, 20, 21, 22, 23, 24], "shape": [1, 2, 3]}}, {"model": "product.cake", "pk": 85, "fields": {"name": "64. Rainbow cake 6 lb.JPG", "price": 1001, "minsize": 2, "brand": "Chefs Bakery", "image": "/media_root/cakePics/64. Rainbow cake 6 lb.JPG", "category": 6, "created_on": "2017-01-23", "flavor": [1, 2, 3, 4, 5, 6, 7, 8, 9, 10, 11, 12, 13, 14, 15, 16, 17, 18, 19, 20, 21, 22, 23, 24], "shape": [1, 2, 3]}}, {"model": "product.cake", "pk": 86, "fields": {"name": "121. Wedding Double decor  4 kg.JPG", "price": 1028, "minsize": 2, "brand": "Chefs Bakery", "image": "/media_root/cakePics/121. Wedding Double decor  4 kg.JPG", "category": 2, "created_on": "2017-01-23", "flavor": [1, 2, 3, 4, 5, 6, 7, 8, 9, 10, 11, 12, 13, 14, 15, 16, 17, 18, 19, 20, 21, 22, 23, 24], "shape": [1, 2, 3]}}, {"model": "product.cake", "pk": 87, "fields": {"name": "1.Eggless black forest f 2 lb.jpg", "price": 1092, "minsize": 2, "brand": "Chefs Bakery", "image": "/media_root/cakePics/1.Eggless black forest f 2 lb.jpg", "category": 7, "created_on": "2017-01-23", "flavor": [1, 2, 3, 4, 5, 6, 7, 8, 9, 10, 11, 12, 13, 14, 15, 16, 17, 18, 19, 20, 21, 22, 23, 24], "shape": [1, 2, 3]}}, {"model": "product.cake", "pk": 88, "fields": {"name": "129.00 Hollowin  chocolate 6 kg.JPG", "price": 1094, "minsize": 2, "brand": "Chefs Bakery", "image": "/media_root/cakePics/129.00 Hollowin  chocolate 6 kg.JPG", "category": 4, "created_on": "2017-01-23", "flavor": [1, 2, 3, 4, 5, 6, 7, 8, 9, 10, 11, 12, 13, 14, 15, 16, 17, 18, 19, 20, 21, 22, 23, 24], "shape": [1, 2, 3]}}, {"model": "product.cake", "pk": 89, "fields": {"name": "146. Dome  3 kg.JPG", "price": 1104, "minsize": 2, "brand": "Chefs Bakery", "image": "/media_root/cakePics/146. Dome  3 kg.JPG", "category": 6, "created_on": "2017-01-23", "flavor": [1, 2, 3, 4, 5, 6, 7, 8, 9, 10, 11, 12, 13, 14, 15, 16, 17, 18, 19, 20, 21, 22, 23, 24], "shape": [1, 2, 3]}}, {"model": "product.cake", "pk": 90, "fields": {"name": "63. Double decor  Vanilla6 Lb  cake.JPG", "price": 1090, "minsize": 2, "brand": "Chefs Bakery", "image": "/media_root/cakePics/63. Double decor  Vanilla6 Lb  cake.JPG", "category": 7, "created_on": "2017-01-23", "flavor": [1, 2, 3, 4, 5, 6, 7, 8, 9, 10, 11, 12, 13, 14, 15, 16, 17, 18, 19, 20, 21, 22, 23, 24], "shape": [1, 2, 3]}}, {"model": "product.cake", "pk": 91, "fields": {"name": "117. Butter scotch welcome home 1 kg.JPG", "price": 1029, "minsize": 2, "brand": "Chefs Bakery", "image": "/media_root/cakePics/117. Butter scotch welcome home 1 kg.JPG", "category": 4, "created_on": "2017-01-23", "flavor": [1, 2, 3, 4, 5, 6, 7, 8, 9, 10, 11, 12, 13, 14, 15, 16, 17, 18, 19, 20, 21, 22, 23, 24], "shape": [1, 2, 3]}}, {"model": "product.cake", "pk": 92, "fields": {"name": "57. Baked cheese cake  2 lb.jpg", "price": 1079, "minsize": 2, "brand": "Chefs Bakery", "image": "/media_root/cakePics/57. Baked cheese cake  2 lb.jpg", "category": 1, "created_on": "2017-01-23", "flavor": [1, 2, 3, 4, 5, 6, 7, 8, 9, 10, 11, 12, 13, 14, 15, 16, 17, 18, 19, 20, 21, 22, 23, 24], "shape": [1, 2, 3]}}, {"model": "product.cake", "pk": 93, "fields": {"name": "43. Custome design Farm 8 LB.JPG", "price": 1149, "minsize": 2, "brand": "Chefs Bakery", "image": "/media_root/cakePics/43. Custome design Farm 8 LB.JPG", "category": 7, "created_on": "2017-01-23", "flavor": [1, 2, 3, 4, 5, 6, 7, 8, 9, 10, 11, 12, 13, 14, 15, 16, 17, 18, 19, 20, 21, 22, 23, 24], "shape": [1, 2, 3]}}, {"model": "product.cake", "pk": 94, "fields": {"name": "98. Assorted pastries 25 nos.JPG", "price": 1085, "minsize": 2, "brand": "Chefs Bakery", "image": "/media_root/cakePics/98. Assorted pastries 25 nos.JPG", "category": 3, "created_on": "2017-01-23", "flavor": [1, 2, 3, 4, 5, 6, 7, 8, 9, 10, 11, 12, 13, 14, 15, 16, 17, 18, 19, 20, 21, 22, 23, 24], "shape": [1, 2, 3]}}, {"model": "product.cake", "pk": 95, "fields": {"name": "54. Chocolate Cake 2 lb.JPG", "price": 1136, "minsize": 2, "brand": "Chefs Bakery", "image": "/media_root/cakePics/54. Chocolate Cake 2 lb.JPG", "category": 1, "created_on": "2017-01-23", "flavor": [1, 2, 3, 4, 5, 6, 7, 8, 9, 10, 11, 12, 13, 14, 15, 16, 17, 18, 19, 20, 21, 22, 23, 24], "shape": [1, 2, 3]}}, {"model": "product.cake", "pk": 96, "fields": {"name": "135, Wedding cake  3 kg.JPG", "price": 1122, "minsize": 2, "brand": "Chefs Bakery", "image": "/media_root/cakePics/135, Wedding cake  3 kg.JPG", "category": 7, "created_on": "2017-01-23", "flavor": [1, 2, 3, 4, 5, 6, 7, 8, 9, 10, 11, 12, 13, 14, 15, 16, 17, 18, 19, 20, 21, 22, 23, 24], "shape": [1, 2, 3]}}, {"model": "product.cake", "pk": 97, "fields": {"name": "29. Christmas special Father head black forest   2 Lb.jpg", "price": 1026, "minsize": 2, "brand": "Chefs Bakery", "image": "/media_root/cakePics/29. Christmas special Father head black forest   2 Lb.jpg", "category": 5, "created_on": "2017-01-23", "flavor": [1, 2, 3, 4, 5, 6, 7, 8, 9, 10, 11, 12, 13, 14, 15, 16, 17, 18, 19, 20, 21, 22, 23, 24], "shape": [1, 2, 3]}}, {"model": "product.cake", "pk": 98, "fields": {"name": "108. Guiter shape cake  6 Lb.JPG", "price": 1123, "minsize": 2, "brand": "Chefs Bakery", "image": "/media_root/cakePics/108. Guiter shape cake  6 Lb.JPG", "category": 4, "created_on": "2017-01-23", "flavor": [1, 2, 3, 4, 5, 6, 7, 8, 9, 10, 11, 12, 13, 14, 15, 16, 17, 18, 19, 20, 21, 22, 23, 24], "shape": [1, 2, 3]}}, {"model": "product.cake", "pk": 99, "fields": {"name": "30. Foot ball shape chocolate cake  4 lb football.jpg", "price": 1150, "minsize": 2, "brand": "Chefs Bakery", "image": "/media_root/cakePics/30. Foot ball shape chocolate cake  4 lb football.jpg", "category": 7, "created_on": "2017-01-23", "flavor": [1, 2, 3, 4, 5, 6, 7, 8, 9, 10, 11, 12, 13, 14, 15, 16, 17, 18, 19, 20, 21, 22, 23, 24], "shape": [1, 2, 3]}}, {"model": "product.cake", "pk": 100, "fields": {"name": "25. Double decor small wedding cake  4 Lb.jpg", "price": 1034, "minsize": 2, "brand": "Chefs Bakery", "image": "/media_root/cakePics/25. Double decor small wedding cake  4 Lb.jpg", "category": 9, "created_on": "2017-01-23", "flavor": [1, 2, 3, 4, 5, 6, 7, 8, 9, 10, 11, 12, 13, 14, 15, 16, 17, 18, 19, 20, 21, 22, 23, 24], "shape": [1, 2, 3]}}, {"model": "product.cake", "pk": 101, "fields": {"name": "77. Dashain Special 3 lb.JPG", "price": 1136, "minsize": 2, "brand": "Chefs Bakery", "image": "/media_root/cakePics/77. Dashain Special 3 lb.JPG", "category": 4, "created_on": "2017-01-23", "flavor": [1, 2, 3, 4, 5, 6, 7, 8, 9, 10, 11, 12, 13, 14, 15, 16, 17, 18, 19, 20, 21, 22, 23, 24], "shape": [1, 2, 3]}}, {"model": "product.cake", "pk": 102, "fields": {"name": "5.Fresh  fruit  cream cake  2 lb.jpg", "price": 1138, "minsize": 2, "brand": "Chefs Bakery", "image": "/media_root/cakePics/5.Fresh  fruit  cream cake  2 lb.jpg", "category": 2, "created_on": "2017-01-23", "flavor": [1, 2, 3, 4, 5, 6, 7, 8, 9, 10, 11, 12, 13, 14, 15, 16, 17, 18, 19, 20, 21, 22, 23, 24], "shape": [1, 2, 3]}}, {"model": "product.cake", "pk": 103, "fields": {"name": "96. Special wedding cake 2 lb.JPG", "price": 1078, "minsize": 2, "brand": "Chefs Bakery", "image": "/media_root/cakePics/96. Special wedding cake 2 lb.JPG", "category": 2, "created_on": "2017-01-23", "flavor": [1, 2, 3, 4, 5, 6, 7, 8, 9, 10, 11, 12, 13, 14, 15, 16, 17, 18, 19, 20, 21, 22, 23, 24], "shape": [1, 2, 3]}}, {"model": "product.cake", "pk": 104, "fields": {"name": "2.Doremon  black forest  2 lb.jpg", "price": 1050, "minsize": 2, "brand": "Chefs Bakery", "image": "/media_root/cakePics/2.Doremon  black forest  2 lb.jpg", "category": 2, "created_on": "2017-01-23", "flavor": [1, 2, 3, 4, 5, 6, 7, 8, 9, 10, 11, 12, 13, 14, 15, 16, 17, 18, 19, 20, 21, 22, 23, 24], "shape": [1, 2, 3]}}, {"model": "product.cake", "pk": 105, "fields": {"name": "26. Dipawali Special Black forest  3 Lb.JPG", "price": 1064, "minsize": 2, "brand": "Chefs Bakery", "image": "/media_root/cakePics/26. Dipawali Special Black forest  3 Lb.JPG", "category": 1, "created_on": "2017-01-23", "flavor": [1, 2, 3, 4, 5, 6, 7, 8, 9, 10, 11, 12, 13, 14, 15, 16, 17, 18, 19, 20, 21, 22, 23, 24], "shape": [1, 2, 3]}}, {"model": "product.cake", "pk": 106, "fields": {"name": "70 Guiter Black forest.JPG", "price": 1044, "minsize": 2, "brand": "Chefs Bakery", "image": "/media_root/cakePics/70 Guiter Black forest.JPG", "category": 6, "created_on": "2017-01-23", "flavor": [1, 2, 3, 4, 5, 6, 7, 8, 9, 10, 11, 12, 13, 14, 15, 16, 17, 18, 19, 20, 21, 22, 23, 24], "shape": [1, 2, 3]}}, {"model": "product.cake", "pk": 107, "fields": {"name": "143. Welcome home vanilla 1 kg.jpg", "price": 1139, "minsize": 2, "brand": "Chefs Bakery", "image": "/media_root/cakePics/143. Welcome home vanilla 1 kg.jpg", "category": 5, "created_on": "2017-01-23", "flavor": [1, 2, 3, 4, 5, 6, 7, 8, 9, 10, 11, 12, 13, 14, 15, 16, 17, 18, 19, 20, 21, 22, 23, 24], "shape": [1, 2, 3]}}, {"model": "product.cake", "pk": 108, "fields": {"name": "158. Black forest 1 pound.jpg", "price": 1021, "minsize": 2, "brand": "Chefs Bakery", "image": "/media_root/cakePics/158. Black forest 1 pound.jpg", "category": 9, "created_on": "2017-01-23", "flavor": [1, 2, 3, 4, 5, 6, 7, 8, 9, 10, 11, 12, 13, 14, 15, 16, 17, 18, 19, 20, 21, 22, 23, 24], "shape": [1, 2, 3]}}, {"model": "product.cake", "pk": 109, "fields": {"name": "49. Lofo Topping  White forest.JPG", "price": 1131, "minsize": 2, "brand": "Chefs Bakery", "image": "/media_root/cakePics/49. Lofo Topping  White forest.JPG", "category": 5, "created_on": "2017-01-23", "flavor": [1, 2, 3, 4, 5, 6, 7, 8, 9, 10, 11, 12, 13, 14, 15, 16, 17, 18, 19, 20, 21, 22, 23, 24], "shape": [1, 2, 3]}}, {"model": "product.cake", "pk": 110, "fields": {"name": "102. Special Chocolate  cake 4 Lb.JPG", "price": 1078, "minsize": 2, "brand": "Chefs Bakery", "image": "/media_root/cakePics/102. Special Chocolate  cake 4 Lb.JPG", "category": 7, "created_on": "2017-01-23", "flavor": [1, 2, 3, 4, 5, 6, 7, 8, 9, 10, 11, 12, 13, 14, 15, 16, 17, 18, 19, 20, 21, 22, 23, 24], "shape": [1, 2, 3]}}, {"model": "product.cake", "pk": 111, "fields": {"name": "132 Carrot cake 4 kg.JPG", "price": 1073, "minsize": 2, "brand": "Chefs Bakery", "image": "/media_root/cakePics/132 Carrot cake 4 kg.JPG", "category": 2, "created_on": "2017-01-23", "flavor": [1, 2, 3, 4, 5, 6, 7, 8, 9, 10, 11, 12, 13, 14, 15, 16, 17, 18, 19, 20, 21, 22, 23, 24], "shape": [1, 2, 3]}}, {"model": "product.cake", "pk": 112, "fields": {"name": "82. Logo special design  8 lb.JPG", "price": 1002, "minsize": 2, "brand": "Chefs Bakery", "image": "/media_root/cakePics/82. Logo special design  8 lb.JPG", "category": 5, "created_on": "2017-01-23", "flavor": [1, 2, 3, 4, 5, 6, 7, 8, 9, 10, 11, 12, 13, 14, 15, 16, 17, 18, 19, 20, 21, 22, 23, 24], "shape": [1, 2, 3]}}, {"model": "product.cake", "pk": 113, "fields": {"name": "17. Angry Birds 3 LB.jpg", "price": 1082, "minsize": 2, "brand": "Chefs Bakery", "image": "/media_root/cakePics/17. Angry Birds 3 LB.jpg", "category": 4, "created_on": "2017-01-23", "flavor": [1, 2, 3, 4, 5, 6, 7, 8, 9, 10, 11, 12, 13, 14, 15, 16, 17, 18, 19, 20, 21, 22, 23, 24], "shape": [1, 2, 3]}}, {"model": "product.cake", "pk": 114, "fields": {"name": "100. Vanilla Heart shape cake  2 Lb.JPG", "price": 1116, "minsize": 2, "brand": "Chefs Bakery", "image": "/media_root/cakePics/100. Vanilla Heart shape cake  2 Lb.JPG", "category": 3, "created_on": "2017-01-23", "flavor": [1, 2, 3, 4, 5, 6, 7, 8, 9, 10, 11, 12, 13, 14, 15, 16, 17, 18, 19, 20, 21, 22, 23, 24], "shape": [1, 2, 3]}}, {"model": "product.cake", "pk": 115, "fields": {"name": "85. Multy flevered   double story   7 lb.JPG", "price": 1057, "minsize": 2, "brand": "Chefs Bakery", "image": "/media_root/cakePics/85. Multy flevered   double story   7 lb.JPG", "category": 9, "created_on": "2017-01-23", "flavor": [1, 2, 3, 4, 5, 6, 7, 8, 9, 10, 11, 12, 13, 14, 15, 16, 17, 18, 19, 20, 21, 22, 23, 24], "shape": [1, 2, 3]}}, {"model": "product.cake", "pk": 116, "fields": {"name": "123. Cup cakes  20 nos.JPG", "price": 1004, "minsize": 2, "brand": "Chefs Bakery", "image": "/media_root/cakePics/123. Cup cakes  20 nos.JPG", "category": 3, "created_on": "2017-01-23", "flavor": [1, 2, 3, 4, 5, 6, 7, 8, 9, 10, 11, 12, 13, 14, 15, 16, 17, 18, 19, 20, 21, 22, 23, 24], "shape": [1, 2, 3]}}, {"model": "product.cake", "pk": 117, "fields": {"name": "127. Vanilla sqr shape 2 kg.JPG", "price": 1131, "minsize": 2, "brand": "Chefs Bakery", "image": "/media_root/cakePics/127. Vanilla sqr shape 2 kg.JPG", "category": 3, "created_on": "2017-01-23", "flavor": [1, 2, 3, 4, 5, 6, 7, 8, 9, 10, 11, 12, 13, 14, 15, 16, 17, 18, 19, 20, 21, 22, 23, 24], "shape": [1, 2, 3]}}, {"model": "product.cake", "pk": 118, "fields": {"name": "152. Princess topping  1 kg.jpg", "price": 1122, "minsize": 2, "brand": "Chefs Bakery", "image": "/media_root/cakePics/152. Princess topping  1 kg.jpg", "category": 9, "created_on": "2017-01-23", "flavor": [1, 2, 3, 4, 5, 6, 7, 8, 9, 10, 11, 12, 13, 14, 15, 16, 17, 18, 19, 20, 21, 22, 23, 24], "shape": [1, 2, 3]}}, {"model": "product.cake", "pk": 119, "fields": {"name": "142. Choco mocca 3 lb.JPG", "price": 1016, "minsize": 2, "brand": "Chefs Bakery", "image": "/media_root/cakePics/142. Choco mocca 3 lb.JPG", "category": 4, "created_on": "2017-01-23", "flavor": [1, 2, 3, 4, 5, 6, 7, 8, 9, 10, 11, 12, 13, 14, 15, 16, 17, 18, 19, 20, 21, 22, 23, 24], "shape": [1, 2, 3]}}, {"model": "product.cake", "pk": 120, "fields": {"name": "92. wedding cake 12 lb.JPG", "price": 1047, "minsize": 2, "brand": "Chefs Bakery", "image": "/media_root/cakePics/92. wedding cake 12 lb.JPG", "category": 2, "created_on": "2017-01-23", "flavor": [1, 2, 3, 4, 5, 6, 7, 8, 9, 10, 11, 12, 13, 14, 15, 16, 17, 18, 19, 20, 21, 22, 23, 24], "shape": [1, 2, 3]}}, {"model": "product.cake", "pk": 121, "fields": {"name": "10.  Ice cream Cake  2 LB.JPG", "price": 1081, "minsize": 2, "brand": "Chefs Bakery", "image": "/media_root/cakePics/10.  Ice cream Cake  2 LB.JPG", "category": 3, "created_on": "2017-01-23", "flavor": [1, 2, 3, 4, 5, 6, 7, 8, 9, 10, 11, 12, 13, 14, 15, 16, 17, 18, 19, 20, 21, 22, 23, 24], "shape": [1, 2, 3]}}, {"model": "product.cake", "pk": 122, "fields": {"name": "48. Wedding white forest  6 LB.JPG", "price": 1062, "minsize": 2, "brand": "Chefs Bakery", "image": "/media_root/cakePics/48. Wedding white forest  6 LB.JPG", "category": 7, "created_on": "2017-01-23", "flavor": [1, 2, 3, 4, 5, 6, 7, 8, 9, 10, 11, 12, 13, 14, 15, 16, 17, 18, 19, 20, 21, 22, 23, 24], "shape": [1, 2, 3]}}, {"model": "product.cake", "pk": 123, "fields": {"name": "16. Blue Berry Cheese cake  4 LB.JPG", "price": 1129, "minsize": 2, "brand": "Chefs Bakery", "image": "/media_root/cakePics/16. Blue Berry Cheese cake  4 LB.JPG", "category": 4, "created_on": "2017-01-23", "flavor": [1, 2, 3, 4, 5, 6, 7, 8, 9, 10, 11, 12, 13, 14, 15, 16, 17, 18, 19, 20, 21, 22, 23, 24], "shape": [1, 2, 3]}}, {"model": "product.cake", "pk": 124, "fields": {"name": "148. Music lovers 3 lb.jpg", "price": 1108, "minsize": 2, "brand": "Chefs Bakery", "image": "/media_root/cakePics/148. Music lovers 3 lb.jpg", "category": 2, "created_on": "2017-01-23", "flavor": [1, 2, 3, 4, 5, 6, 7, 8, 9, 10, 11, 12, 13, 14, 15, 16, 17, 18, 19, 20, 21, 22, 23, 24], "shape": [1, 2, 3]}}, {"model": "product.cake", "pk": 125, "fields": {"name": "47. Wedding special Black forest  5 Lb.JPG", "price": 1030, "minsize": 2, "brand": "Chefs Bakery", "image": "/media_root/cakePics/47. Wedding special Black forest  5 Lb.JPG", "category": 2, "created_on": "2017-01-23", "flavor": [1, 2, 3, 4, 5, 6, 7, 8, 9, 10, 11, 12, 13, 14, 15, 16, 17, 18, 19, 20, 21, 22, 23, 24], "shape": [1, 2, 3]}}, {"model": "product.cake", "pk": 126, "fields": {"name": "40l. Teddy Topping  6 Lb.JPG", "price": 1150, "minsize": 2, "brand": "Chefs Bakery", "image": "/media_root/cakePics/40l. Teddy Topping  6 Lb.JPG", "category": 7, "created_on": "2017-01-23", "flavor": [1, 2, 3, 4, 5, 6, 7, 8, 9, 10, 11, 12, 13, 14, 15, 16, 17, 18, 19, 20, 21, 22, 23, 24], "shape": [1, 2, 3]}}, {"model": "product.cake", "pk": 127, "fields": {"name": "65. Angry ibirds topping  3 lb.JPG", "price": 1090, "minsize": 2, "brand": "Chefs Bakery", "image": "/media_root/cakePics/65. Angry ibirds topping  3 lb.JPG", "category": 1, "created_on": "2017-01-23", "flavor": [1, 2, 3, 4, 5, 6, 7, 8, 9, 10, 11, 12, 13, 14, 15, 16, 17, 18, 19, 20, 21, 22, 23, 24], "shape": [1, 2, 3]}}, {"model": "product.cake", "pk": 128, "fields": {"name": "139. Ceremony white forest  4 kg.JPG", "price": 1130, "minsize": 2, "brand": "Chefs Bakery", "image": "/media_root/cakePics/139. Ceremony white forest  4 kg.JPG", "category": 8, "created_on": "2017-01-23", "flavor": [1, 2, 3, 4, 5, 6, 7, 8, 9, 10, 11, 12, 13, 14, 15, 16, 17, 18, 19, 20, 21, 22, 23, 24], "shape": [1, 2, 3]}}, {"model": "product.cake", "pk": 129, "fields": {"name": "53. Numeric black or white forest  3 lb.JPG", "price": 1098, "minsize": 2, "brand": "Chefs Bakery", "image": "/media_root/cakePics/53. Numeric black or white forest  3 lb.JPG", "category": 1, "created_on": "2017-01-23", "flavor": [1, 2, 3, 4, 5, 6, 7, 8, 9, 10, 11, 12, 13, 14, 15, 16, 17, 18, 19, 20, 21, 22, 23, 24], "shape": [1, 2, 3]}}, {"model": "product.cake", "pk": 130, "fields": {"name": "13. Spider man  3 lb.jpg", "price": 1111, "minsize": 2, "brand": "Chefs Bakery", "image": "/media_root/cakePics/13. Spider man  3 lb.jpg", "category": 3, "created_on": "2017-01-23", "flavor": [1, 2, 3, 4, 5, 6, 7, 8, 9, 10, 11, 12, 13, 14, 15, 16, 17, 18, 19, 20, 21, 22, 23, 24], "shape": [1, 2, 3]}}, {"model": "product.cake", "pk": 131, "fields": {"name": "84.Black forest  2 lb.jpg", "price": 1080, "minsize": 2, "brand": "Chefs Bakery", "image": "/media_root/cakePics/84.Black forest  2 lb.jpg", "category": 8, "created_on": "2017-01-23", "flavor": [1, 2, 3, 4, 5, 6, 7, 8, 9, 10, 11, 12, 13, 14, 15, 16, 17, 18, 19, 20, 21, 22, 23, 24], "shape": [1, 2, 3]}}, {"model": "product.cake", "pk": 132, "fields": {"name": "114. Double decor 5 lb.JPG", "price": 1021, "minsize": 2, "brand": "Chefs Bakery", "image": "/media_root/cakePics/114. Double decor 5 lb.JPG", "category": 5, "created_on": "2017-01-23", "flavor": [1, 2, 3, 4, 5, 6, 7, 8, 9, 10, 11, 12, 13, 14, 15, 16, 17, 18, 19, 20, 21, 22, 23, 24], "shape": [1, 2, 3]}}, {"model": "product.cake", "pk": 133, "fields": {"name": "115. Special Design  double decor black forest 3 Kg.JPG", "price": 1059, "minsize": 2, "brand": "Chefs Bakery", "image": "/media_root/cakePics/115. Special Design  double decor black forest 3 Kg.JPG", "category": 9, "created_on": "2017-01-23", "flavor": [1, 2, 3, 4, 5, 6, 7, 8, 9, 10, 11, 12, 13, 14, 15, 16, 17, 18, 19, 20, 21, 22, 23, 24], "shape": [1, 2, 3]}}, {"model": "product.cake", "pk": 134, "fields": {"name": "12. Wedding Cake  12 Pound.JPG", "price": 1142, "minsize": 2, "brand": "Chefs Bakery", "image": "/media_root/cakePics/12. Wedding Cake  12 Pound.JPG", "category": 3, "created_on": "2017-01-23", "flavor": [1, 2, 3, 4, 5, 6, 7, 8, 9, 10, 11, 12, 13, 14, 15, 16, 17, 18, 19, 20, 21, 22, 23, 24], "shape": [1, 2, 3]}}, {"model": "product.cake", "pk": 135, "fields": {"name": "134. triple decor wedding cake  7 kg.JPG", "price": 1041, "minsize": 2, "brand": "Chefs Bakery", "image": "/media_root/cakePics/134. triple decor wedding cake  7 kg.JPG", "category": 5, "created_on": "2017-01-23", "flavor": [1, 2, 3, 4, 5, 6, 7, 8, 9, 10, 11, 12, 13, 14, 15, 16, 17, 18, 19, 20, 21, 22, 23, 24], "shape": [1, 2, 3]}}, {"model": "product.cake", "pk": 136, "fields": {"name": "144. Freezer topping  3 kg.JPG", "price": 1026, "minsize": 2, "brand": "Chefs Bakery", "image": "/media_root/cakePics/144. Freezer topping  3 kg.JPG", "category": 9, "created_on": "2017-01-23", "flavor": [1, 2, 3, 4, 5, 6, 7, 8, 9, 10, 11, 12, 13, 14, 15, 16, 17, 18, 19, 20, 21, 22, 23, 24], "shape": [1, 2, 3]}}, {"model": "product.cake", "pk": 137, "fields": {"name": "125. Special Vanilla cake 1 kg.JPG", "price": 1129, "minsize": 2, "brand": "Chefs Bakery", "image": "/media_root/cakePics/125. Special Vanilla cake 1 kg.JPG", "category": 9, "created_on": "2017-01-23", "flavor": [1, 2, 3, 4, 5, 6, 7, 8, 9, 10, 11, 12, 13, 14, 15, 16, 17, 18, 19, 20, 21, 22, 23, 24], "shape": [1, 2, 3]}}, {"model": "product.cake", "pk": 138, "fields": {"name": "18. Wedding Cake 7 kg.jpg", "price": 1056, "minsize": 2, "brand": "Chefs Bakery", "image": "/media_root/cakePics/18. Wedding Cake 7 kg.jpg", "category": 7, "created_on": "2017-01-23", "flavor": [1, 2, 3, 4, 5, 6, 7, 8, 9, 10, 11, 12, 13, 14, 15, 16, 17, 18, 19, 20, 21, 22, 23, 24], "shape": [1, 2, 3]}}, {"model": "product.cake", "pk": 139, "fields": {"name": "19. Big  black forest  3 Kg.jpg", "price": 1067, "minsize": 2, "brand": "Chefs Bakery", "image": "/media_root/cakePics/19. Big  black forest  3 Kg.jpg", "category": 9, "created_on": "2017-01-23", "flavor": [1, 2, 3, 4, 5, 6, 7, 8, 9, 10, 11, 12, 13, 14, 15, 16, 17, 18, 19, 20, 21, 22, 23, 24], "shape": [1, 2, 3]}}, {"model": "product.cake", "pk": 140, "fields": {"name": "15. Hello Kitty 2 lb.JPG", "price": 1086, "minsize": 2, "brand": "Chefs Bakery", "image": "/media_root/cakePics/15. Hello Kitty 2 lb.JPG", "category": 7, "created_on": "2017-01-23", "flavor": [1, 2, 3, 4, 5, 6, 7, 8, 9, 10, 11, 12, 13, 14, 15, 16, 17, 18, 19, 20, 21, 22, 23, 24], "shape": [1, 2, 3]}}, {"model": "product.cake", "pk": 141, "fields": {"name": "60. Black forest  3 lb.JPG", "price": 1066, "minsize": 2, "brand": "Chefs Bakery", "image": "/media_root/cakePics/60. Black forest  3 lb.JPG", "category": 3, "created_on": "2017-01-23", "flavor": [1, 2, 3, 4, 5, 6, 7, 8, 9, 10, 11, 12, 13, 14, 15, 16, 17, 18, 19, 20, 21, 22, 23, 24], "shape": [1, 2, 3]}}, {"model": "product.cake", "pk": 142, "fields": {"name": "35. Donald duck  6 LB.JPG", "price": 1008, "minsize": 2, "brand": "Chefs Bakery", "image": "/media_root/cakePics/35. Donald duck  6 LB.JPG", "category": 7, "created_on": "2017-01-23", "flavor": [1, 2, 3, 4, 5, 6, 7, 8, 9, 10, 11, 12, 13, 14, 15, 16, 17, 18, 19, 20, 21, 22, 23, 24], "shape": [1, 2, 3]}}, {"model": "product.cake", "pk": 143, "fields": {"name": "109. Chocolate cake  2 Lb.JPG", "price": 1004, "minsize": 2, "brand": "Chefs Bakery", "image": "/media_root/cakePics/109. Chocolate cake  2 Lb.JPG", "category": 7, "created_on": "2017-01-23", "flavor": [1, 2, 3, 4, 5, 6, 7, 8, 9, 10, 11, 12, 13, 14, 15, 16, 17, 18, 19, 20, 21, 22, 23, 24], "shape": [1, 2, 3]}}, {"model": "product.cake", "pk": 144, "fields": {"name": "51. Face topping Black forest 6 Lb.JPG", "price": 1033, "minsize": 2, "brand": "Chefs Bakery", "image": "/media_root/cakePics/51. Face topping Black forest 6 Lb.JPG", "category": 3, "created_on": "2017-01-23", "flavor": [1, 2, 3, 4, 5, 6, 7, 8, 9, 10, 11, 12, 13, 14, 15, 16, 17, 18, 19, 20, 21, 22, 23, 24], "shape": [1, 2, 3]}}, {"model": "product.cake", "pk": 145, "fields": {"name": "24 Dark and white forest 4 Lb.jpg", "price": 1062, "minsize": 2, "brand": "Chefs Bakery", "image": "/media_root/cakePics/24 Dark and white forest 4 Lb.jpg", "category": 3, "created_on": "2017-01-23", "flavor": [1, 2, 3, 4, 5, 6, 7, 8, 9, 10, 11, 12, 13, 14, 15, 16, 17, 18, 19, 20, 21, 22, 23, 24], "shape": [1, 2, 3]}}, {"model": "product.cake", "pk": 146, "fields": {"name": "11. Baked Cheese Cake  2 lb.jpg", "price": 1003, "minsize": 2, "brand": "Chefs Bakery", "image": "/media_root/cakePics/11. Baked Cheese Cake  2 lb.jpg", "category": 8, "created_on": "2017-01-23", "flavor": [1, 2, 3, 4, 5, 6, 7, 8, 9, 10, 11, 12, 13, 14, 15, 16, 17, 18, 19, 20, 21, 22, 23, 24], "shape": [1, 2, 3]}}, {"model": "product.cake", "pk": 147, "fields": {"name": "74. Doremon black forest  2 lb.JPG", "price": 1096, "minsize": 2, "brand": "Chefs Bakery", "image": "/media_root/cakePics/74. Doremon black forest  2 lb.JPG", "category": 1, "created_on": "2017-01-23", "flavor": [1, 2, 3, 4, 5, 6, 7, 8, 9, 10, 11, 12, 13, 14, 15, 16, 17, 18, 19, 20, 21, 22, 23, 24], "shape": [1, 2, 3]}}, {"model": "product.cake", "pk": 148, "fields": {"name": "128. Double heart , double decor  BF 4 kg.JPG", "price": 1077, "minsize": 2, "brand": "Chefs Bakery", "image": "/media_root/cakePics/128. Double heart , double decor  BF 4 kg.JPG", "category": 3, "created_on": "2017-01-23", "flavor": [1, 2, 3, 4, 5, 6, 7, 8, 9, 10, 11, 12, 13, 14, 15, 16, 17, 18, 19, 20, 21, 22, 23, 24], "shape": [1, 2, 3]}}, {"model": "product.cake", "pk": 149, "fields": {"name": "110. Special Choco chips cake 3 lb.JPG", "price": 1147, "minsize": 2, "brand": "Chefs Bakery", "image": "/media_root/cakePics/110. Special Choco chips cake 3 lb.JPG", "category": 2, "created_on": "2017-01-23", "flavor": [1, 2, 3, 4, 5, 6, 7, 8, 9, 10, 11, 12, 13, 14, 15, 16, 17, 18, 19, 20, 21, 22, 23, 24], "shape": [1, 2, 3]}}, {"model": "product.cake", "pk": 150, "fields": {"name": "58. Dora topping cake 2 lb.JPG", "price": 1089, "minsize": 2, "brand": "Chefs Bakery", "image": "/media_root/cakePics/58. Dora topping cake 2 lb.JPG", "category": 3, "created_on": "2017-01-23", "flavor": [1, 2, 3, 4, 5, 6, 7, 8, 9, 10, 11, 12, 13, 14, 15, 16, 17, 18, 19, 20, 21, 22, 23, 24], "shape": [1, 2, 3]}}, {"model": "product.cake", "pk": 151, "fields": {"name": "124. Mac topping  1 kg.JPG", "price": 1001, "minsize": 2, "brand": "Chefs Bakery", "image": "/media_root/cakePics/124. Mac topping  1 kg.JPG", "category": 4, "created_on": "2017-01-23", "flavor": [1, 2, 3, 4, 5, 6, 7, 8, 9, 10, 11, 12, 13, 14, 15, 16, 17, 18, 19, 20, 21, 22, 23, 24], "shape": [1, 2, 3]}}, {"model": "product.cake", "pk": 152, "fields": {"name": "72. Walnuts  chocolate brownies 1 kg.JPG", "price": 1054, "minsize": 2, "brand": "Chefs Bakery", "image": "/media_root/cakePics/72. Walnuts  chocolate brownies 1 kg.JPG", "category": 3, "created_on": "2017-01-23", "flavor": [1, 2, 3, 4, 5, 6, 7, 8, 9, 10, 11, 12, 13, 14, 15, 16, 17, 18, 19, 20, 21, 22, 23, 24], "shape": [1, 2, 3]}}, {"model": "product.cake", "pk": 153, "fields": {"name": "67. smiley  black forest 3 lb.JPG", "price": 1054, "minsize": 2, "brand": "Chefs Bakery", "image": "/media_root/cakePics/67. smiley  black forest 3 lb.JPG", "category": 2, "created_on": "2017-01-23", "flavor": [1, 2, 3, 4, 5, 6, 7, 8, 9, 10, 11, 12, 13, 14, 15, 16, 17, 18, 19, 20, 21, 22, 23, 24], "shape": [1, 2, 3]}}, {"model": "product.cake", "pk": 154, "fields": {"name": "81. Custome design  cake 2 lb.JPG", "price": 1040, "minsize": 2, "brand": "Chefs Bakery", "image": "/media_root/cakePics/81. Custome design  cake 2 lb.JPG", "category": 1, "created_on": "2017-01-23", "flavor": [1, 2, 3, 4, 5, 6, 7, 8, 9, 10, 11, 12, 13, 14, 15, 16, 17, 18, 19, 20, 21, 22, 23, 24], "shape": [1, 2, 3]}}, {"model": "product.cake", "pk": 155, "fields": {"name": "28. Black forest Cake  2 Lb.jpg", "price": 1072, "minsize": 2, "brand": "Chefs Bakery", "image": "/media_root/cakePics/28. Black forest Cake  2 Lb.jpg", "category": 5, "created_on": "2017-01-23", "flavor": [1, 2, 3, 4, 5, 6, 7, 8, 9, 10, 11, 12, 13, 14, 15, 16, 17, 18, 19, 20, 21, 22, 23, 24], "shape": [1, 2, 3]}}, {"model": "product.cake", "pk": 156, "fields": {"name": "116. Double decor Hearts 6 kg.JPG", "price": 1132, "minsize": 2, "brand": "Chefs Bakery", "image": "/media_root/cakePics/116. Double decor Hearts 6 kg.JPG", "category": 1, "created_on": "2017-01-23", "flavor": [1, 2, 3, 4, 5, 6, 7, 8, 9, 10, 11, 12, 13, 14, 15, 16, 17, 18, 19, 20, 21, 22, 23, 24], "shape": [1, 2, 3]}}, {"model": "product.cake", "pk": 157, "fields": {"name": "50. Chelsea topping Black forest 2 lb.JPG", "price": 1115, "minsize": 2, "brand": "Chefs Bakery", "image": "/media_root/cakePics/50. Chelsea topping Black forest 2 lb.JPG", "category": 6, "created_on": "2017-01-23", "flavor": [1, 2, 3, 4, 5, 6, 7, 8, 9, 10, 11, 12, 13, 14, 15, 16, 17, 18, 19, 20, 21, 22, 23, 24], "shape": [1, 2, 3]}}, {"model": "product.cake", "pk": 158, "fields": {"name": "75. Yule log  2 lb.JPG", "price": 1056, "minsize": 2, "brand": "Chefs Bakery", "image": "/media_root/cakePics/75. Yule log  2 lb.JPG", "category": 9, "created_on": "2017-01-23", "flavor": [1, 2, 3, 4, 5, 6, 7, 8, 9, 10, 11, 12, 13, 14, 15, 16, 17, 18, 19, 20, 21, 22, 23, 24], "shape": [1, 2, 3]}}, {"model": "product.cake", "pk": 159, "fields": {"name": "9. Numeric Chocolate  cake 6 LB.jpg", "price": 1091, "minsize": 2, "brand": "Chefs Bakery", "image": "/media_root/cakePics/9. Numeric Chocolate  cake 6 LB.jpg", "category": 3, "created_on": "2017-01-23", "flavor": [1, 2, 3, 4, 5, 6, 7, 8, 9, 10, 11, 12, 13, 14, 15, 16, 17, 18, 19, 20, 21, 22, 23, 24], "shape": [1, 2, 3]}}, {"model": "account.emailaddress", "pk": 1, "fields": {"user": 2, "email": "codegluttoners@gmail.com", "verified": false, "primary": true}}, {"model": "socialaccount.socialapp", "pk": 1, "fields": {"provider": "google", "name": "google", "client_id": "847250777762-tgl4rc6dc4gfjjv6865hds1jlnp35s6q.apps.googleusercontent.com", "secret": "VaI0SxQEEEOXkvgJB0R1ZIaK", "key": "", "sites": [1]}}, {"model": "socialaccount.socialapp", "pk": 2, "fields": {"provider": "facebook", "name": "facebook", "client_id": "177744235966633", "secret": "b5fba8fc3f366402b86e0af292253ba8", "key": "", "sites": [1]}}, {"model": "socialaccount.socialaccount", "pk": 1, "fields": {"user": 2, "provider": "facebook", "uid": "10154974219392311", "last_login": "2017-02-01T16:09:12Z", "date_joined": "2017-02-01T16:06:26Z", "extra_data": "{\"first_name\": \"Sushil\", \"last_name\": \"Shrestha\", \"verified\": true, \"name\": \"Sushil Shrestha\", \"locale\": \"en_US\", \"gender\": \"male\", \"updated_time\": \"2016-09-13T08:56:52+0000\", \"link\": \"https://www.facebook.com/app_scoped_user_id/10154974219392311/\", \"id\": \"10154974219392311\", \"timezone\": 5.75, \"email\": \"codegluttoners@gmail.com\"}"}}, {"model": "socialaccount.socialtoken", "pk": 1, "fields": {"app": 2, "account": 1, "token": "EAAChqE4LsKkBAKVvPxMegQ1oJcHhbcqs1IzFi0key19MZAUuaGcBNSYvMkZBVkHiGm9wWnxeXX4LtsCVSfsR1rZCRklnCsk3wdS2msZCsa99FvZBoJZB104sRbeouLYx7Dy1CDj82C71Fi7JFBqZA1ziE9zxZCDJUvv0vMTUkZCEwRdF69JLgr2sSJHKo263BFwcZD", "token_secret": "", "expires_at": null}}]